Gender,Invoice ID,Branch,City,Customer type,Product line,Unit price,Quantity,Tax 5%,Total_tax,Total_profit_before_tax,Total_sales
Female,750-67-8428,A,Yangon,Member,Health and beauty,74.69,7,261.415,26.1415,522.83,496.6885
Female,226-31-3081,C,Naypyitaw,Normal,Electronic accessories,15.28,5,3.82,3.82,76.4,72.58
Female,355-53-5943,A,Yangon,Member,Electronic accessories,68.84,6,20.652,20.652,413.04,392.388
Female,315-22-5665,C,Naypyitaw,Normal,Home and lifestyle,73.56,10,36.78,36.78,735.6,698.82
Female,665-32-9167,A,Yangon,Member,Health and beauty,36.26,2,3.626,3.626,72.52,68.894
Female,692-92-5582,B,Mandalay,Member,Food and beverages,54.84,3,8.226,8.226,164.52,156.294
Female,351-62-0822,B,Mandalay,Member,Fashion accessories,14.48,4,2.896,2.896,57.92,55.024
Female,365-64-0515,A,Yangon,Normal,Electronic accessories,46.95,5,11.7375,11.7375,234.75,223.0125
Female,829-34-3910,A,Yangon,Normal,Health and beauty,71.38,10,35.69,35.69,713.8,678.11
Female,299-46-1805,B,Mandalay,Member,Sports and travel,93.72,6,28.116,28.116,562.32,534.204
Female,656-95-9349,A,Yangon,Member,Health and beauty,68.93,7,241.255,24.1255,482.51,458.3845
Female,319-50-3348,B,Mandalay,Normal,Home and lifestyle,40.3,2,4.03,4.03,80.6,76.57
Female,227-03-5010,A,Yangon,Member,Home and lifestyle,52.59,8,21.036,21.036,420.72,399.684
Female,189-17-4241,A,Yangon,Normal,Fashion accessories,87.67,2,8.767,8.767,175.34,166.573
Female,145-94-9061,B,Mandalay,Normal,Food and beverages,88.36,5,22.09,22.09,441.8,419.71
Female,183-56-6882,C,Naypyitaw,Member,Food and beverages,99.42,4,19.884,19.884,397.68,377.796
Female,232-16-2483,C,Naypyitaw,Member,Sports and travel,68.12,1,3.406,3.406,68.12,64.714
Female,272-65-1806,A,Yangon,Normal,Electronic accessories,60.88,9,27.396,27.396,547.92,520.524
Female,333-73-7901,C,Naypyitaw,Normal,Health and beauty,54.92,8,21.968,21.968,439.36,417.392
Female,280-35-5823,B,Mandalay,Member,Home and lifestyle,86.72,1,4.336,4.336,86.72,82.384
Female,354-25-5821,B,Mandalay,Member,Sports and travel,69.12,6,20.736,20.736,414.72,393.984
Female,228-96-1411,C,Naypyitaw,Member,Food and beverages,98.7,8,39.48,39.48,789.6,750.12
Female,132-32-9879,B,Mandalay,Member,Electronic accessories,93.96,4,18.792,18.792,375.84,357.048
Female,727-46-3608,B,Mandalay,Member,Food and beverages,20.01,9,9.1945,9.0045,180.09,171.0855
Female,574-22-5561,C,Naypyitaw,Member,Fashion accessories,82.63,10,41.315,41.315,826.3,784.985
Female,162-48-8011,A,Yangon,Member,Food and beverages,44.59,5,11.1475,11.1475,222.95,211.8025
Female,616-24-2851,B,Mandalay,Member,Fashion accessories,17.87,4,3.574,3.574,71.48,67.906
Female,399-46-5918,C,Naypyitaw,Normal,Electronic accessories,85.98,8,34.392,34.392,687.84,653.448
Female,817-48-8732,A,Yangon,Member,Home and lifestyle,72.35,10,36.175,36.175,723.5,687.325
Female,285-68-5083,C,Naypyitaw,Member,Sports and travel,24.74,3,3.711,3.711,74.22,70.509
Female,347-34-2234,B,Mandalay,Member,Sports and travel,55.07,9,247.815,24.7815,495.63,470.8485
Female,838-78-4295,C,Naypyitaw,Normal,Health and beauty,33.47,2,3.347,3.347,66.94,63.593
Female,109-28-2512,B,Mandalay,Member,Fashion accessories,97.61,6,29.283,29.283,585.66,556.377
Female,382-03-4532,A,Yangon,Member,Health and beauty,18.33,1,9.165,0.9165,18.33,17.4135
Female,510-95-6347,B,Mandalay,Member,Food and beverages,48.52,3,7.278,7.278,145.56,138.282
Female,841-35-6630,C,Naypyitaw,Normal,Electronic accessories,75.91,6,22.773,22.773,455.46,432.687
Female,732-94-0499,C,Naypyitaw,Normal,Electronic accessories,41.65,10,20.825,20.825,416.5,395.675
Female,381-20-0914,A,Yangon,Member,Fashion accessories,20.01,9,9.1945,9.0045,180.09,171.0855
Female,829-49-1914,C,Naypyitaw,Member,Food and beverages,78.31,10,39.155,39.155,783.1,743.945
Female,756-01-7507,C,Naypyitaw,Normal,Health and beauty,20.38,5,5.095,5.095,101.9,96.805
Female,870-72-4431,C,Naypyitaw,Normal,Health and beauty,99.19,6,29.757,29.757,595.14,565.383
Female,847-38-7188,B,Mandalay,Normal,Food and beverages,96.68,3,14.502,14.502,290.04,275.538
Female,787-56-0757,C,Naypyitaw,Member,Food and beverages,80.36,4,16.072,16.072,321.44,305.368
Female,730-50-9884,C,Naypyitaw,Normal,Sports and travel,83.06,7,29.071,29.071,581.42,552.349
Female,318-68-5053,B,Mandalay,Normal,Health and beauty,76.99,6,23.097,23.097,461.94,438.843
Female,565-80-5980,C,Naypyitaw,Member,Home and lifestyle,47.38,4,9.476,9.476,189.52,180.044
Female,225-32-0908,C,Naypyitaw,Normal,Sports and travel,44.86,10,22.43,22.43,448.6,426.17
Female,873-51-0671,A,Yangon,Member,Sports and travel,21.98,7,7.693,7.693,153.86,146.167
Female,871-39-9221,C,Naypyitaw,Normal,Electronic accessories,12.45,6,3.735,3.735,74.7,70.965
Female,551-21-3069,C,Naypyitaw,Normal,Electronic accessories,23.07,9,10.3815,10.3815,207.63,197.2485
Female,588-01-7461,C,Naypyitaw,Normal,Food and beverages,33.98,9,15.291,15.291,305.82,290.529
Female,479-26-8945,B,Mandalay,Member,Sports and travel,16.49,2,1.649,1.649,32.98,31.331
Female,210-67-5886,C,Naypyitaw,Member,Health and beauty,98.21,3,147.315,14.7315,294.63,279.8985
Female,227-78-1148,B,Mandalay,Normal,Fashion accessories,72.84,7,25.494,25.494,509.88,484.386
Female,237-01-6122,C,Naypyitaw,Member,Home and lifestyle,80.79,9,363.555,36.3555,727.11,690.7545
Female,225-98-1496,C,Naypyitaw,Normal,Fashion accessories,27.02,3,4.053,4.053,81.06,77.007
Female,642-32-2990,A,Yangon,Normal,Food and beverages,10.96,10,5.48,5.48,109.6,104.12
Female,638-60-7125,A,Yangon,Normal,Electronic accessories,99.56,8,39.824,39.824,796.48,756.656
Female,268-27-6179,B,Mandalay,Member,Fashion accessories,56.47,8,22.588,22.588,451.76,429.172
Female,668-90-8900,A,Yangon,Normal,Home and lifestyle,93.69,7,327.915,32.7915,655.83,623.0385
Female,870-54-3162,A,Yangon,Normal,Sports and travel,32.25,5,8.0625,8.0625,161.25,153.1875
Female,189-08-9157,C,Naypyitaw,Normal,Fashion accessories,31.73,9,142.785,14.2785,285.57,271.2915
Female,663-86-9076,C,Naypyitaw,Member,Food and beverages,68.54,8,27.416,27.416,548.32,520.904
Female,549-84-7482,B,Mandalay,Normal,Sports and travel,90.28,9,40.626,40.626,812.52,771.894
Female,191-10-6171,B,Mandalay,Normal,Fashion accessories,39.62,7,13.867,13.867,277.34,263.473
Female,802-70-5316,A,Yangon,Member,Sports and travel,92.13,6,27.639,27.639,552.78,525.141
Female,695-51-0018,B,Mandalay,Normal,Sports and travel,34.84,4,6.968,6.968,139.36,132.392
Female,483-71-1164,C,Naypyitaw,Normal,Health and beauty,81.3,6,24.39,24.39,487.8,463.41
Female,700-81-1757,A,Yangon,Normal,Electronic accessories,26.31,5,6.5775,6.5775,131.55,124.9725
Female,354-39-5160,A,Yangon,Member,Home and lifestyle,34.42,6,10.326,10.326,206.52,196.194
Female,731-81-9469,C,Naypyitaw,Member,Sports and travel,89.8,10,44.9,44.9,898,853.1
Female,338-65-2210,C,Naypyitaw,Member,Health and beauty,68.6,10,34.3,34.3,686,651.7
Female,488-25-4221,C,Naypyitaw,Member,Food and beverages,30.41,1,1.5205,1.5205,30.41,28.8895
Female,239-10-7476,A,Yangon,Normal,Home and lifestyle,77.95,6,23.385,23.385,467.7,444.315
Female,458-41-1477,C,Naypyitaw,Normal,Health and beauty,46.26,6,13.878,13.878,277.56,263.682
Female,685-64-1609,A,Yangon,Member,Fashion accessories,30.14,10,15.07,15.07,301.4,286.33
Female,608-96-3517,B,Mandalay,Member,Fashion accessories,91.54,4,18.308,18.308,366.16,347.852
Female,214-17-6927,C,Naypyitaw,Normal,Food and beverages,16.48,6,4.944,4.944,98.88,93.936
Female,400-89-4171,C,Naypyitaw,Normal,Sports and travel,80.97,8,32.388,32.388,647.76,615.372
Female,894-41-5205,C,Naypyitaw,Normal,Food and beverages,43.18,8,17.272,17.272,345.44,328.168
Female,139-52-2867,C,Naypyitaw,Normal,Fashion accessories,22.51,7,7.8785,7.8785,157.57,149.6915
Female,586-25-0848,A,Yangon,Normal,Sports and travel,12.34,7,4.319,4.319,86.38,82.061
Female,305-14-0245,B,Mandalay,Member,Home and lifestyle,94.49,8,37.796,37.796,755.92,718.124
Female,593-65-1552,C,Naypyitaw,Normal,Home and lifestyle,69.81,4,13.962,13.962,279.24,265.278
Female,284-34-9626,B,Mandalay,Normal,Home and lifestyle,77.04,3,11.556,11.556,231.12,219.564
Female,437-58-8131,B,Mandalay,Normal,Fashion accessories,73.52,2,7.352,7.352,147.04,139.688
Female,286-43-6208,C,Naypyitaw,Normal,Food and beverages,87.8,9,39.51,39.51,790.2,750.69
Female,556-86-3144,C,Naypyitaw,Member,Fashion accessories,74.29,1,3.7145,3.7145,74.29,70.5755
Female,856-22-8149,A,Yangon,Normal,Home and lifestyle,25.29,1,1.2645,1.2645,25.29,24.0255
Female,420-11-4919,C,Naypyitaw,Member,Food and beverages,71.39,5,178.475,17.8475,356.95,339.1025
Female,606-80-4905,C,Naypyitaw,Member,Sports and travel,19.15,6,5.745,5.745,114.9,109.155
Female,542-41-0513,B,Mandalay,Member,Electronic accessories,57.49,4,11.498,11.498,229.96,218.462
Female,749-24-1565,A,Yangon,Normal,Health and beauty,23.03,9,10.3635,10.3635,207.27,196.9065
Female,672-51-8681,C,Naypyitaw,Member,Electronic accessories,66.65,9,299.925,29.9925,599.85,569.8575
Female,263-87-5680,C,Naypyitaw,Member,Home and lifestyle,28.53,10,14.265,14.265,285.3,271.035
Female,573-58-9734,B,Mandalay,Normal,Fashion accessories,30.37,3,4.5555,4.5555,91.11,86.5545
Female,817-69-8206,B,Mandalay,Normal,Electronic accessories,99.73,9,448.785,44.8785,897.57,852.6915
Female,677-11-0152,C,Naypyitaw,Normal,Food and beverages,93.26,9,41.967,41.967,839.34,797.373
Female,891-58-8335,B,Mandalay,Member,Sports and travel,29.61,7,10.3635,10.3635,207.27,196.9065
Female,560-30-5617,B,Mandalay,Normal,Sports and travel,24.77,5,6.1925,6.1925,123.85,117.6575
Female,319-74-2561,A,Yangon,Member,Electronic accessories,94.64,3,14.196,14.196,283.92,269.724
Female,790-29-1172,B,Mandalay,Normal,Food and beverages,57.34,3,8.601,8.601,172.02,163.419
Female,279-62-1445,C,Naypyitaw,Member,Fashion accessories,12.54,1,627,0.627,12.54,11.913
Female,746-68-6593,C,Naypyitaw,Member,Sports and travel,87.16,2,8.716,8.716,174.32,165.604
Female,466-61-5506,B,Mandalay,Member,Electronic accessories,90.7,6,27.21,27.21,544.2,516.99
Female,721-86-6247,A,Yangon,Normal,Home and lifestyle,63.42,8,25.368,25.368,507.36,481.992
Female,289-65-5721,B,Mandalay,Normal,Fashion accessories,81.37,2,8.137,8.137,162.74,154.603
Female,545-46-3100,B,Mandalay,Member,Electronic accessories,10.59,3,1.5885,1.5885,31.77,30.1815
Female,418-02-5978,B,Mandalay,Normal,Health and beauty,84.09,9,378.405,37.8405,756.81,718.9695
Female,645-78-8093,A,Yangon,Normal,Sports and travel,93.14,2,9.314,9.314,186.28,176.966
Female,755-12-3214,C,Naypyitaw,Member,Fashion accessories,44.22,5,11.055,11.055,221.1,210.045
Female,346-84-3103,B,Mandalay,Member,Electronic accessories,13.22,5,3.305,3.305,66.1,62.795
Female,866-05-7563,B,Mandalay,Member,Electronic accessories,81.4,3,12.21,12.21,244.2,231.99
Female,883-17-4236,C,Naypyitaw,Normal,Sports and travel,14.39,2,1.439,1.439,28.78,27.341
Female,850-41-9669,A,Yangon,Normal,Electronic accessories,75.06,9,33.777,33.777,675.54,641.763
Female,821-07-3596,C,Naypyitaw,Normal,Fashion accessories,16.45,4,3.29,3.29,65.8,62.51
Female,655-85-5130,B,Mandalay,Member,Fashion accessories,38.3,4,7.66,7.66,153.2,145.54
Female,447-15-7839,A,Yangon,Member,Sports and travel,22.24,10,11.12,11.12,222.4,211.28
Female,253-12-6086,A,Yangon,Member,Sports and travel,98.4,7,34.44,34.44,688.8,654.36
Female,571-94-0759,B,Mandalay,Member,Food and beverages,74.6,10,37.3,37.3,746,708.7
Female,731-14-2199,A,Yangon,Member,Home and lifestyle,35.54,10,17.77,17.77,355.4,337.63
Female,783-09-1637,B,Mandalay,Normal,Sports and travel,67.43,5,168.575,16.8575,337.15,320.2925
Female,687-15-1097,C,Naypyitaw,Member,Health and beauty,21.12,2,2.112,2.112,42.24,40.128
Female,126-54-1082,A,Yangon,Member,Home and lifestyle,21.54,9,9.693,9.693,193.86,184.167
Female,633-91-1052,A,Yangon,Normal,Home and lifestyle,12.03,2,1.203,1.203,24.06,22.857
Female,477-24-6490,B,Mandalay,Normal,Health and beauty,99.71,6,29.913,29.913,598.26,568.347
Female,526-86-8552,C,Naypyitaw,Member,Home and lifestyle,21.82,10,10.91,10.91,218.2,207.29
Female,376-56-3573,C,Naypyitaw,Normal,Fashion accessories,95.42,4,19.084,19.084,381.68,362.596
Female,136-08-6195,A,Yangon,Normal,Home and lifestyle,69.96,8,27.984,27.984,559.68,531.696
Female,490-29-1201,A,Yangon,Normal,Sports and travel,15.34,1,767,0.767,15.34,14.573
Female,565-17-3836,A,Yangon,Member,Health and beauty,47.67,4,9.534,9.534,190.68,181.146
Female,226-71-3580,C,Naypyitaw,Normal,Sports and travel,23.75,9,10.6875,10.6875,213.75,203.0625
Female,283-79-9594,B,Mandalay,Normal,Food and beverages,48.51,7,169.785,16.9785,339.57,322.5915
Female,430-60-3493,A,Yangon,Member,Home and lifestyle,94.88,7,33.208,33.208,664.16,630.952
Female,278-97-7759,A,Yangon,Member,Electronic accessories,62.48,1,3.124,3.124,62.48,59.356
Female,316-68-6352,A,Yangon,Member,Food and beverages,36.36,2,3.636,3.636,72.72,69.084
Female,211-05-0490,C,Naypyitaw,Member,Electronic accessories,51.92,5,12.98,12.98,259.6,246.62
Female,779-06-0012,C,Naypyitaw,Member,Home and lifestyle,88.61,1,4.4305,4.4305,88.61,84.1795
Female,439-54-7422,A,Yangon,Normal,Electronic accessories,51.19,4,10.238,10.238,204.76,194.522
Female,396-90-2219,B,Mandalay,Normal,Electronic accessories,14.96,8,5.984,5.984,119.68,113.696
Female,286-01-5402,A,Yangon,Normal,Sports and travel,40.23,7,140.805,14.0805,281.61,267.5295
Female,803-17-8013,A,Yangon,Member,Home and lifestyle,88.79,8,35.516,35.516,710.32,674.804
Female,512-98-1403,A,Yangon,Member,Electronic accessories,26.48,3,3.972,3.972,79.44,75.468
Female,848-42-2560,A,Yangon,Normal,Fashion accessories,81.91,2,8.191,8.191,163.82,155.629
Female,870-76-1733,A,Yangon,Member,Food and beverages,14.23,5,3.5575,3.5575,71.15,67.5925
Female,423-64-4619,A,Yangon,Member,Health and beauty,15.55,9,6.9975,6.9975,139.95,132.9525
Female,227-07-4446,C,Naypyitaw,Member,Electronic accessories,78.13,10,39.065,39.065,781.3,742.235
Female,428-83-5800,C,Naypyitaw,Member,Food and beverages,21.08,3,3.162,3.162,63.24,60.078
Female,704-20-4138,C,Naypyitaw,Member,Health and beauty,29.67,7,10.3845,10.3845,207.69,197.3055
Female,649-11-3678,C,Naypyitaw,Normal,Food and beverages,22.93,9,10.3185,10.3185,206.37,196.0515
Female,622-20-1945,C,Naypyitaw,Normal,Health and beauty,39.42,1,1.971,1.971,39.42,37.449
Female,563-91-7120,A,Yangon,Normal,Fashion accessories,61.77,5,154.425,15.4425,308.85,293.4075
Female,527-09-6272,A,Yangon,Member,Electronic accessories,28.45,5,7.1125,7.1125,142.25,135.1375
Female,692-27-8933,B,Mandalay,Normal,Sports and travel,57.95,6,17.385,17.385,347.7,330.315
Female,633-09-3463,C,Naypyitaw,Normal,Electronic accessories,47.65,3,7.1475,7.1475,142.95,135.8025
Female,374-17-3652,B,Mandalay,Member,Food and beverages,42.82,9,19.269,19.269,385.38,366.111
Female,433-75-6987,B,Mandalay,Member,Health and beauty,55.97,7,195.895,19.5895,391.79,372.2005
Female,873-95-4984,B,Mandalay,Member,Health and beauty,76.9,7,26.915,26.915,538.3,511.385
Female,416-13-5917,C,Naypyitaw,Normal,Food and beverages,97.03,5,242.575,24.2575,485.15,460.8925
Female,135-84-8019,A,Yangon,Normal,Fashion accessories,77.93,9,350.685,35.0685,701.37,666.3015
Female,725-96-3778,C,Naypyitaw,Member,Home and lifestyle,89.25,8,35.7,35.7,714,678.3
Female,400-45-1220,B,Mandalay,Normal,Health and beauty,13.5,10,6.75,6.75,135,128.25
Female,860-79-0874,C,Naypyitaw,Member,Fashion accessories,99.3,10,49.65,49.65,993,943.35
Female,115-99-4379,B,Mandalay,Member,Fashion accessories,54.73,7,191.555,19.1555,383.11,363.9545
Female,320-49-6392,C,Naypyitaw,Normal,Electronic accessories,30.24,1,1.512,1.512,30.24,28.728
Female,889-04-9723,B,Mandalay,Member,Food and beverages,89.14,4,17.828,17.828,356.56,338.732
Female,632-90-0281,C,Naypyitaw,Normal,Fashion accessories,37.55,10,18.775,18.775,375.5,356.725
Female,554-42-2417,C,Naypyitaw,Normal,Sports and travel,95.44,10,47.72,47.72,954.4,906.68
Female,605-72-4132,C,Naypyitaw,Normal,Food and beverages,94.47,8,37.788,37.788,755.76,717.972
Female,272-27-9238,C,Naypyitaw,Normal,Food and beverages,41.24,4,8.248,8.248,164.96,156.712
Female,834-25-9262,C,Naypyitaw,Normal,Fashion accessories,81.68,4,16.336,16.336,326.72,310.384
Female,122-61-9553,C,Naypyitaw,Normal,Electronic accessories,51.32,9,23.094,23.094,461.88,438.786
Female,613-59-9758,C,Naypyitaw,Normal,Sports and travel,14.36,10,7.18,7.18,143.6,136.42
Female,201-86-2184,B,Mandalay,Member,Electronic accessories,26.26,7,9.191,9.191,183.82,174.629
Female,261-12-8671,B,Mandalay,Normal,Fashion accessories,60.96,2,6.096,6.096,121.92,115.824
Female,730-70-9830,C,Naypyitaw,Normal,Home and lifestyle,70.11,6,21.033,21.033,420.66,399.627
Female,422-29-8786,A,Yangon,Normal,Home and lifestyle,67.09,5,167.725,16.7725,335.45,318.6775
Female,667-23-5919,A,Yangon,Member,Fashion accessories,96.7,5,24.175,24.175,483.5,459.325
Female,843-01-4703,B,Mandalay,Member,Home and lifestyle,35.38,9,15.921,15.921,318.42,302.499
Female,182-69-8360,B,Mandalay,Normal,Electronic accessories,23.65,4,4.73,4.73,94.6,89.87
Female,462-78-5240,C,Naypyitaw,Normal,Electronic accessories,26.61,2,2.661,2.661,53.22,50.559
Female,868-52-7573,B,Mandalay,Normal,Food and beverages,99.69,5,249.225,24.9225,498.45,473.5275
Female,153-58-4872,C,Naypyitaw,Member,Food and beverages,74.89,4,14.978,14.978,299.56,284.582
Female,662-72-2873,A,Yangon,Normal,Food and beverages,40.94,5,10.235,10.235,204.7,194.465
Female,725-56-0833,A,Yangon,Normal,Health and beauty,32.32,10,16.16,16.16,323.2,307.04
Female,394-41-0748,C,Naypyitaw,Member,Fashion accessories,54.07,9,243.315,24.3315,486.63,462.2985
Female,541-89-9860,C,Naypyitaw,Member,Fashion accessories,80.48,3,12.072,12.072,241.44,229.368
Female,173-82-9529,B,Mandalay,Normal,Fashion accessories,37.95,10,18.975,18.975,379.5,360.525
Female,308-47-4913,A,Yangon,Member,Sports and travel,52.26,10,26.13,26.13,522.6,496.47
Female,885-17-6250,A,Yangon,Normal,Health and beauty,79.74,1,3.987,3.987,79.74,75.753
Female,726-27-2396,A,Yangon,Normal,Health and beauty,77.5,5,19.375,19.375,387.5,368.125
Female,316-01-3952,A,Yangon,Normal,Food and beverages,54.27,5,135.675,13.5675,271.35,257.7825
Female,793-10-3222,B,Mandalay,Member,Health and beauty,41.06,6,12.318,12.318,246.36,234.042
Female,110-05-6330,C,Naypyitaw,Normal,Food and beverages,39.43,6,11.829,11.829,236.58,224.751
Female,831-64-0259,B,Mandalay,Normal,Fashion accessories,39.75,5,9.9375,9.9375,198.75,188.8125
Female,587-03-7455,C,Naypyitaw,Member,Fashion accessories,97.79,7,342.265,34.2265,684.53,650.3035
Female,725-32-9708,B,Mandalay,Member,Fashion accessories,68.71,4,13.742,13.742,274.84,261.098
Female,256-08-8343,A,Yangon,Normal,Home and lifestyle,56.53,4,11.306,11.306,226.12,214.814
Female,372-26-1506,C,Naypyitaw,Normal,Fashion accessories,23.82,5,5.955,5.955,119.1,113.145
Female,244-08-0162,B,Mandalay,Normal,Health and beauty,34.21,10,17.105,17.105,342.1,324.995
Female,750-57-9686,C,Naypyitaw,Normal,Home and lifestyle,45.38,4,9.076,9.076,181.52,172.444
Female,186-09-3669,C,Naypyitaw,Member,Health and beauty,81.51,1,4.0755,4.0755,81.51,77.4345
Female,848-07-1692,B,Mandalay,Normal,Health and beauty,57.22,2,5.722,5.722,114.44,108.718
Female,745-71-3520,A,Yangon,Member,Electronic accessories,25.22,7,8.827,8.827,176.54,167.713
Female,266-76-6436,C,Naypyitaw,Member,Food and beverages,38.6,3,5.79,5.79,115.8,110.01
Female,740-22-2500,C,Naypyitaw,Normal,Electronic accessories,84.05,3,12.6075,12.6075,252.15,239.5425
Female,271-88-8734,C,Naypyitaw,Member,Fashion accessories,97.21,10,48.605,48.605,972.1,923.495
Female,650-98-6268,B,Mandalay,Member,Food and beverages,20.87,3,3.1305,3.1305,62.61,59.4795
Female,325-77-6186,A,Yangon,Member,Home and lifestyle,90.65,10,45.325,45.325,906.5,861.175
Female,459-50-7686,A,Yangon,Normal,Electronic accessories,23.46,6,7.038,7.038,140.76,133.722
Female,837-55-7229,B,Mandalay,Normal,Fashion accessories,47.44,1,2.372,2.372,47.44,45.068
Female,810-60-6344,C,Naypyitaw,Normal,Electronic accessories,40.86,8,16.344,16.344,326.88,310.536
Female,394-30-3170,B,Mandalay,Member,Sports and travel,88.43,8,35.372,35.372,707.44,672.068
Female,138-17-5109,A,Yangon,Member,Home and lifestyle,89.21,9,401.445,40.1445,802.89,762.7455
Female,301-11-9629,A,Yangon,Normal,Sports and travel,19.1,7,6.685,6.685,133.7,127.015
Female,390-80-5128,B,Mandalay,Member,Health and beauty,19.15,1,9.575,0.9575,19.15,18.1925
Female,296-11-7041,B,Mandalay,Member,Health and beauty,27.07,1,1.3535,1.3535,27.07,25.7165
Female,449-27-2918,B,Mandalay,Member,Sports and travel,39.12,1,1.956,1.956,39.12,37.164
Female,891-01-7034,B,Mandalay,Normal,Electronic accessories,74.71,6,22.413,22.413,448.26,425.847
Female,727-17-0390,A,Yangon,Normal,Food and beverages,63.61,5,159.025,15.9025,318.05,302.1475
Female,767-54-1907,B,Mandalay,Member,Fashion accessories,29.56,5,7.39,7.39,147.8,140.41
Female,710-46-4433,B,Mandalay,Member,Food and beverages,77.4,9,34.83,34.83,696.6,661.77
Female,325-90-8763,C,Naypyitaw,Member,Electronic accessories,46.57,10,23.285,23.285,465.7,442.415
Female,234-03-4040,B,Mandalay,Member,Food and beverages,73.05,10,36.525,36.525,730.5,693.975
Female,326-71-2155,C,Naypyitaw,Normal,Sports and travel,73.95,4,14.79,14.79,295.8,281.01
Female,320-32-8842,C,Naypyitaw,Member,Food and beverages,22.62,1,1.131,1.131,22.62,21.489
Female,878-30-2331,C,Naypyitaw,Member,Sports and travel,54.55,10,27.275,27.275,545.5,518.225
Female,440-59-5691,C,Naypyitaw,Member,Health and beauty,37.15,7,130.025,13.0025,260.05,247.0475
Female,233-34-0817,C,Naypyitaw,Member,Electronic accessories,98.84,1,4.942,4.942,98.84,93.898
Female,767-05-1286,C,Naypyitaw,Member,Home and lifestyle,83.77,6,25.131,25.131,502.62,477.489
Female,340-21-9136,A,Yangon,Member,Sports and travel,40.05,4,8.01,8.01,160.2,152.19
Female,676-39-6028,A,Yangon,Member,Electronic accessories,64.44,5,16.11,16.11,322.2,306.09
Female,485-30-8700,A,Yangon,Normal,Sports and travel,33.26,5,8.315,8.315,166.3,157.985
Female,246-11-3901,C,Naypyitaw,Normal,Electronic accessories,32.8,10,16.4,16.4,328,311.6
Female,493-65-6248,C,Naypyitaw,Member,Sports and travel,36.98,10,18.49,18.49,369.8,351.31
Female,438-01-4015,B,Mandalay,Member,Sports and travel,49.49,4,9.898,9.898,197.96,188.062
Female,709-58-4068,B,Mandalay,Normal,Fashion accessories,41.09,10,20.545,20.545,410.9,390.355
Female,627-95-3243,B,Mandalay,Member,Home and lifestyle,77.68,9,34.956,34.956,699.12,664.164
Female,686-41-0932,B,Mandalay,Normal,Fashion accessories,34.7,2,3.47,3.47,69.4,65.93
Female,510-09-5628,A,Yangon,Member,Fashion accessories,19.66,10,9.83,9.83,196.6,186.77
Female,608-04-3797,B,Mandalay,Member,Health and beauty,25.32,8,10.128,10.128,202.56,192.432
Female,148-82-2527,C,Naypyitaw,Member,Home and lifestyle,12.12,10,6.06,6.06,121.2,115.14
Female,556-97-7101,C,Naypyitaw,Normal,Electronic accessories,63.22,2,6.322,6.322,126.44,120.118
Female,862-59-8517,C,Naypyitaw,Normal,Food and beverages,90.24,6,27.072,27.072,541.44,514.368
Female,401-18-8016,B,Mandalay,Member,Sports and travel,98.13,1,4.9065,4.9065,98.13,93.2235
Female,420-18-8989,A,Yangon,Member,Sports and travel,51.52,8,20.608,20.608,412.16,391.552
Female,573-98-8548,C,Naypyitaw,Member,Fashion accessories,31.9,1,1.595,1.595,31.9,30.305
Female,282-35-2475,B,Mandalay,Normal,Sports and travel,93.31,2,9.331,9.331,186.62,177.289
Female,387-49-4215,B,Mandalay,Member,Sports and travel,48.5,3,7.275,7.275,145.5,138.225
Female,862-17-9201,B,Mandalay,Normal,Food and beverages,84.05,6,25.215,25.215,504.3,479.085
Female,602-80-9671,C,Naypyitaw,Member,Home and lifestyle,15.95,6,4.785,4.785,95.7,90.915
Female,347-72-6115,B,Mandalay,Member,Sports and travel,90.74,7,31.759,31.759,635.18,603.421
Female,209-61-0206,A,Yangon,Normal,Home and lifestyle,42.91,5,10.7275,10.7275,214.55,203.8225
Female,595-27-4851,A,Yangon,Normal,Fashion accessories,54.28,7,18.998,18.998,379.96,360.962
Female,413-20-6708,C,Naypyitaw,Member,Fashion accessories,51.47,1,2.5735,2.5735,51.47,48.8965
Female,734-91-1155,B,Mandalay,Normal,Electronic accessories,45.71,3,6.8565,6.8565,137.13,130.2735
Female,451-28-5717,C,Naypyitaw,Member,Home and lifestyle,83.17,6,24.951,24.951,499.02,474.069
Female,609-81-8548,A,Yangon,Member,Home and lifestyle,37.44,6,11.232,11.232,224.64,213.408
Female,719-89-8991,A,Yangon,Member,Sports and travel,91.41,5,228.525,22.8525,457.05,434.1975
Female,827-44-5872,B,Mandalay,Member,Food and beverages,54.36,10,27.18,27.18,543.6,516.42
Female,236-27-1144,C,Naypyitaw,Normal,Food and beverages,16.31,9,7.3395,7.3395,146.79,139.4505
Female,892-05-6689,A,Yangon,Normal,Home and lifestyle,28.32,5,7.08,7.08,141.6,134.52
Female,339-12-4827,B,Mandalay,Member,Fashion accessories,73.96,1,3.698,3.698,73.96,70.262
Female,308-81-0538,A,Yangon,Normal,Fashion accessories,73.05,4,14.61,14.61,292.2,277.59
Female,358-88-9262,C,Naypyitaw,Member,Food and beverages,87.48,6,26.244,26.244,524.88,498.636
Female,173-50-1108,B,Mandalay,Member,Sports and travel,20.18,4,4.036,4.036,80.72,76.684
Female,841-18-8232,B,Mandalay,Normal,Food and beverages,71.2,1,3.56,3.56,71.2,67.64
Female,647-50-1224,A,Yangon,Normal,Fashion accessories,29.42,10,14.71,14.71,294.2,279.49
Female,539-21-7227,B,Mandalay,Normal,Sports and travel,51.54,5,12.885,12.885,257.7,244.815
Female,213-32-1216,A,Yangon,Normal,Electronic accessories,66.06,6,19.818,19.818,396.36,376.542
Female,582-52-8065,B,Mandalay,Normal,Fashion accessories,54.31,9,244.395,24.4395,488.79,464.3505
Female,210-57-1719,B,Mandalay,Normal,Health and beauty,58.24,9,26.208,26.208,524.16,497.952
Female,198-66-9832,B,Mandalay,Member,Fashion accessories,72.04,2,7.204,7.204,144.08,136.876
Female,283-26-5248,C,Naypyitaw,Member,Food and beverages,98.52,10,49.26,49.26,985.2,935.94
Female,218-59-9410,A,Yangon,Member,Home and lifestyle,72.42,3,10.863,10.863,217.26,206.397
Female,134-54-4720,B,Mandalay,Normal,Electronic accessories,42.42,8,16.968,16.968,339.36,322.392
Female,698-98-5964,A,Yangon,Normal,Food and beverages,81.21,10,40.605,40.605,812.1,771.495
Female,718-57-9773,C,Naypyitaw,Normal,Sports and travel,49.33,10,24.665,24.665,493.3,468.635
Female,651-88-7328,A,Yangon,Normal,Fashion accessories,65.74,9,29.583,29.583,591.66,562.077
Female,241-11-2261,B,Mandalay,Normal,Fashion accessories,79.86,7,27.951,27.951,559.02,531.069
Female,408-26-9866,C,Naypyitaw,Normal,Sports and travel,73.98,7,25.893,25.893,517.86,491.967
Female,834-83-1826,B,Mandalay,Member,Home and lifestyle,82.04,5,20.51,20.51,410.2,389.69
Female,797-88-0493,A,Yangon,Normal,Health and beauty,64.27,4,12.854,12.854,257.08,244.226
Female,443-82-0585,A,Yangon,Member,Health and beauty,77.68,4,15.536,15.536,310.72,295.184
Female,339-18-7061,C,Naypyitaw,Member,Fashion accessories,92.98,2,9.298,9.298,185.96,176.662
Female,359-90-3665,B,Mandalay,Member,Fashion accessories,18.08,4,3.616,3.616,72.32,68.704
Female,278-86-2735,A,Yangon,Normal,Food and beverages,52.34,3,7.851,7.851,157.02,149.169
Female,695-28-6250,A,Yangon,Normal,Sports and travel,43.06,5,10.765,10.765,215.3,204.535
Female,788-07-8452,C,Naypyitaw,Member,Home and lifestyle,24.24,7,8.484,8.484,169.68,161.196
Female,560-49-6611,A,Yangon,Member,Sports and travel,45.58,1,2.279,2.279,45.58,43.301
Female,880-35-0356,A,Yangon,Member,Sports and travel,75.2,3,11.28,11.28,225.6,214.32
Female,123-35-4896,C,Naypyitaw,Normal,Sports and travel,46.66,9,20.997,20.997,419.94,398.943
Female,258-69-7810,C,Naypyitaw,Normal,Fashion accessories,36.85,5,9.2125,9.2125,184.25,175.0375
Female,334-64-2006,A,Yangon,Member,Home and lifestyle,70.32,2,7.032,7.032,140.64,133.608
Female,881-41-7302,C,Naypyitaw,Normal,Fashion accessories,64.99,1,3.2495,3.2495,64.99,61.7405
Female,642-30-6693,B,Mandalay,Normal,Sports and travel,54.51,6,16.353,16.353,327.06,310.707
Female,484-22-8230,C,Naypyitaw,Member,Fashion accessories,51.89,7,181.615,18.1615,363.23,345.0685
Female,559-98-9873,A,Yangon,Member,Fashion accessories,53.65,7,187.775,18.7775,375.55,356.7725
Female,544-32-5024,C,Naypyitaw,Member,Food and beverages,49.79,4,9.958,9.958,199.16,189.202
Female,421-95-9805,A,Yangon,Normal,Electronic accessories,28.96,1,1.448,1.448,28.96,27.512
Female,277-35-5865,C,Naypyitaw,Member,Food and beverages,98.97,9,445.365,44.5365,890.73,846.1935
Female,509-29-3912,A,Yangon,Member,Sports and travel,38.72,9,17.424,17.424,348.48,331.056
Female,641-96-3695,C,Naypyitaw,Member,Fashion accessories,43.46,6,13.038,13.038,260.76,247.722
Female,420-97-3340,A,Yangon,Normal,Food and beverages,71.68,3,10.752,10.752,215.04,204.288
Female,436-54-4512,A,Yangon,Member,Food and beverages,91.61,1,4.5805,4.5805,91.61,87.0295
Female,670-79-6321,B,Mandalay,Member,Home and lifestyle,94.59,7,331.065,33.1065,662.13,629.0235
Female,852-62-7105,B,Mandalay,Normal,Fashion accessories,83.25,10,41.625,41.625,832.5,790.875
Female,135-13-8269,B,Mandalay,Member,Food and beverages,78.88,2,7.888,7.888,157.76,149.872
Female,308-39-1707,A,Yangon,Normal,Fashion accessories,12.09,1,6.045,0.6045,12.09,11.4855
Female,318-81-2368,C,Naypyitaw,Normal,Electronic accessories,46.2,1,2.31,2.31,46.2,43.89
Female,364-33-8584,B,Mandalay,Member,Food and beverages,17.63,5,4.4075,4.4075,88.15,83.7425
Female,695-09-5146,B,Mandalay,Member,Food and beverages,98.79,3,148.185,14.8185,296.37,281.5515
Female,155-45-3814,C,Naypyitaw,Member,Electronic accessories,88.55,8,35.42,35.42,708.4,672.98
Female,131-15-8856,C,Naypyitaw,Member,Food and beverages,72.52,8,29.008,29.008,580.16,551.152
Female,859-71-0933,C,Naypyitaw,Member,Sports and travel,15.49,2,1.549,1.549,30.98,29.431
Female,563-47-4072,B,Mandalay,Normal,Health and beauty,55.81,6,16.743,16.743,334.86,318.117
Female,169-52-4504,A,Yangon,Normal,Electronic accessories,15.69,3,2.3535,2.3535,47.07,44.7165
Female,250-81-7186,C,Naypyitaw,Normal,Electronic accessories,99.69,1,4.9845,4.9845,99.69,94.7055
Female,562-12-5430,A,Yangon,Member,Fashion accessories,88.15,3,132.225,13.2225,264.45,251.2275
Female,816-72-8853,A,Yangon,Member,Sports and travel,27.93,5,6.9825,6.9825,139.65,132.6675
Female,322-02-2271,B,Mandalay,Normal,Sports and travel,42.97,3,6.4455,6.4455,128.91,122.4645
Female,725-67-2480,B,Mandalay,Member,Fashion accessories,58.75,6,17.625,17.625,352.5,334.875
Female,641-51-2661,C,Naypyitaw,Member,Food and beverages,87.1,10,43.55,43.55,871,827.45
Female,714-02-3114,C,Naypyitaw,Normal,Sports and travel,98.8,2,9.88,9.88,197.6,187.72
Female,518-17-2983,A,Yangon,Normal,Fashion accessories,48.63,4,9.726,9.726,194.52,184.794
Female,190-14-3147,B,Mandalay,Normal,Health and beauty,17.97,4,3.594,3.594,71.88,68.286
Female,408-66-6712,C,Naypyitaw,Member,Health and beauty,47.71,6,14.313,14.313,286.26,271.947
Female,679-22-6530,B,Mandalay,Normal,Sports and travel,40.62,2,4.062,4.062,81.24,77.178
Female,576-31-4774,B,Mandalay,Normal,Health and beauty,73.41,3,11.0115,11.0115,220.23,209.2185
Female,811-03-8790,A,Yangon,Normal,Electronic accessories,45.48,10,22.74,22.74,454.8,432.06
Female,752-23-3760,B,Mandalay,Member,Sports and travel,64.08,7,22.428,22.428,448.56,426.132
Female,274-05-5470,A,Yangon,Member,Food and beverages,73.47,4,14.694,14.694,293.88,279.186
Female,528-87-5606,B,Mandalay,Member,Electronic accessories,39.48,1,1.974,1.974,39.48,37.506
Female,320-85-2052,B,Mandalay,Normal,Sports and travel,34.81,1,1.7405,1.7405,34.81,33.0695
Female,370-96-0655,C,Naypyitaw,Normal,Fashion accessories,49.32,6,14.796,14.796,295.92,281.124
Female,510-79-0415,B,Mandalay,Member,Sports and travel,23.08,6,6.924,6.924,138.48,131.556
Female,241-96-5076,B,Mandalay,Member,Home and lifestyle,49.1,2,4.91,4.91,98.2,93.29
Female,767-97-4650,B,Mandalay,Member,Sports and travel,64.83,2,6.483,6.483,129.66,123.177
Female,305-03-2383,A,Yangon,Normal,Food and beverages,67.1,3,10.065,10.065,201.3,191.235
Female,394-55-6384,C,Naypyitaw,Member,Sports and travel,70.19,9,315.855,31.5855,631.71,600.1245
Female,196-01-2849,C,Naypyitaw,Member,Fashion accessories,73.38,7,25.683,25.683,513.66,487.977
Female,372-62-5264,C,Naypyitaw,Normal,Food and beverages,52.6,9,23.67,23.67,473.4,449.73
Female,800-09-8606,A,Yangon,Member,Home and lifestyle,87.37,5,218.425,21.8425,436.85,415.0075
Female,182-52-7000,A,Yangon,Member,Sports and travel,27.04,4,5.408,5.408,108.16,102.752
Female,626-43-7888,C,Naypyitaw,Normal,Fashion accessories,60.41,8,24.164,24.164,483.28,459.116
Female,191-29-0321,B,Mandalay,Member,Fashion accessories,19.77,10,9.885,9.885,197.7,187.815
Female,640-48-5028,B,Mandalay,Member,Home and lifestyle,88.39,9,397.755,39.7755,795.51,755.7345
Female,834-45-5519,B,Mandalay,Normal,Electronic accessories,43,4,8.6,8.6,172,163.4
Female,728-88-7867,C,Naypyitaw,Member,Home and lifestyle,75.53,4,15.106,15.106,302.12,287.014
Female,183-21-3799,C,Naypyitaw,Normal,Electronic accessories,77.63,9,349.335,34.9335,698.67,663.7365
Female,268-20-3585,C,Naypyitaw,Normal,Health and beauty,13.85,9,6.2325,6.2325,124.65,118.4175
Female,258-92-7466,A,Yangon,Normal,Health and beauty,35.68,5,8.92,8.92,178.4,169.48
Female,857-16-3520,A,Yangon,Member,Fashion accessories,71.46,7,25.011,25.011,500.22,475.209
Female,821-14-9046,B,Mandalay,Member,Fashion accessories,17.48,6,5.244,5.244,104.88,99.636
Female,418-05-0656,B,Mandalay,Normal,Fashion accessories,25.56,7,8.946,8.946,178.92,169.974
Female,678-79-0726,C,Naypyitaw,Member,Sports and travel,90.63,9,407.835,40.7835,815.67,774.8865
Female,592-46-1692,C,Naypyitaw,Member,Food and beverages,36.77,7,12.8695,12.8695,257.39,244.5205
Female,149-14-0304,C,Naypyitaw,Member,Health and beauty,28.5,8,11.4,11.4,228,216.6
Female,299-29-0180,B,Mandalay,Member,Home and lifestyle,52.18,7,18.263,18.263,365.26,346.997
Female,247-11-2470,A,Yangon,Member,Fashion accessories,22.32,4,4.464,4.464,89.28,84.816
Female,386-27-7606,C,Naypyitaw,Member,Home and lifestyle,81.2,7,28.42,28.42,568.4,539.98
Female,373-14-0504,A,Yangon,Member,Sports and travel,71.63,2,7.163,7.163,143.26,136.097
Female,345-68-9016,C,Naypyitaw,Member,Sports and travel,31.67,8,12.668,12.668,253.36,240.692
Female,390-17-5806,C,Naypyitaw,Member,Food and beverages,38.42,1,1.921,1.921,38.42,36.499
Female,664-14-2882,C,Naypyitaw,Member,Home and lifestyle,10.53,5,2.6325,2.6325,52.65,50.0175
Female,487-79-6868,B,Mandalay,Member,Home and lifestyle,12.29,9,5.5305,5.5305,110.61,105.0795
Female,210-30-7976,B,Mandalay,Member,Fashion accessories,22.32,4,4.464,4.464,89.28,84.816
Female,585-86-8361,A,Yangon,Normal,Food and beverages,27.28,5,6.82,6.82,136.4,129.58
Female,807-14-7833,A,Yangon,Member,Electronic accessories,17.42,10,8.71,8.71,174.2,165.49
Female,288-38-3758,C,Naypyitaw,Member,Fashion accessories,84.87,3,12.7305,12.7305,254.61,241.8795
Female,652-43-6591,A,Yangon,Normal,Fashion accessories,97.29,8,38.916,38.916,778.32,739.404
Female,785-96-0615,B,Mandalay,Member,Electronic accessories,35.74,8,14.296,14.296,285.92,271.624
Female,406-46-7107,A,Yangon,Normal,Home and lifestyle,96.52,6,28.956,28.956,579.12,550.164
Female,156-95-3964,A,Yangon,Normal,Food and beverages,55.39,4,11.078,11.078,221.56,210.482
Female,842-40-8179,B,Mandalay,Member,Food and beverages,77.2,10,38.6,38.6,772,733.4
Female,410-67-1709,A,Yangon,Member,Fashion accessories,63.88,8,25.552,25.552,511.04,485.488
Female,587-73-4862,A,Yangon,Member,Health and beauty,10.69,5,2.6725,2.6725,53.45,50.7775
Female,593-14-4239,B,Mandalay,Normal,Home and lifestyle,95.46,8,38.184,38.184,763.68,725.496
Female,801-88-0346,C,Naypyitaw,Normal,Fashion accessories,76.06,3,11.409,11.409,228.18,216.771
Female,711-31-1234,B,Mandalay,Normal,Electronic accessories,95.64,4,19.128,19.128,382.56,363.432
Female,886-54-6089,A,Yangon,Normal,Home and lifestyle,11.43,6,3.429,3.429,68.58,65.151
Female,707-32-7409,B,Mandalay,Member,Sports and travel,95.54,4,19.108,19.108,382.16,363.052
Female,759-98-4285,C,Naypyitaw,Member,Health and beauty,85.87,7,300.545,30.0545,601.09,571.0355
Female,201-63-8275,C,Naypyitaw,Member,Sports and travel,67.99,7,237.965,23.7965,475.93,452.1335
Female,471-06-8611,C,Naypyitaw,Normal,Food and beverages,52.42,1,2.621,2.621,52.42,49.799
Female,120-54-2248,B,Mandalay,Normal,Food and beverages,28.86,5,7.215,7.215,144.3,137.085
Female,534-53-3526,A,Yangon,Normal,Sports and travel,94.76,4,18.952,18.952,379.04,360.088
Female,307-04-2070,A,Yangon,Member,Fashion accessories,30.62,1,1.531,1.531,30.62,29.089
Female,468-99-7231,C,Naypyitaw,Normal,Home and lifestyle,44.01,8,17.604,17.604,352.08,334.476
Female,516-77-6464,C,Naypyitaw,Member,Health and beauty,10.16,5,2.54,2.54,50.8,48.26
Female,790-38-4466,C,Naypyitaw,Normal,Health and beauty,10.99,5,2.7475,2.7475,54.95,52.2025
Female,744-16-7898,B,Mandalay,Normal,Home and lifestyle,97.37,10,48.685,48.685,973.7,925.015
Female,702-72-0487,A,Yangon,Normal,Electronic accessories,46.61,2,4.661,4.661,93.22,88.559
Female,443-60-9639,C,Naypyitaw,Member,Home and lifestyle,60.87,1,3.0435,3.0435,60.87,57.8265
Female,864-24-7918,A,Yangon,Member,Sports and travel,24.49,10,12.245,12.245,244.9,232.655
Female,324-41-6833,C,Naypyitaw,Member,Electronic accessories,30.2,8,12.08,12.08,241.6,229.52
Female,759-29-9521,A,Yangon,Member,Fashion accessories,48.96,9,22.032,22.032,440.64,418.608
Female,831-81-6575,B,Mandalay,Member,Electronic accessories,75.59,9,340.155,34.0155,680.31,646.2945
Female,220-68-6701,A,Yangon,Normal,Home and lifestyle,77.47,4,15.494,15.494,309.88,294.386
Female,618-34-8551,A,Yangon,Normal,Sports and travel,93.18,2,9.318,9.318,186.36,177.042
Female,257-60-7754,A,Yangon,Normal,Electronic accessories,50.23,4,10.046,10.046,200.92,190.874
Female,559-61-5987,B,Mandalay,Normal,Health and beauty,17.75,1,8.875,0.8875,17.75,16.8625
Female,189-55-2313,C,Naypyitaw,Normal,Fashion accessories,62.18,10,31.09,31.09,621.8,590.71
Female,380-60-5336,A,Yangon,Normal,Electronic accessories,40.26,10,20.13,20.13,402.6,382.47
Female,815-04-6282,C,Naypyitaw,Member,Sports and travel,64.97,5,162.425,16.2425,324.85,308.6075
Female,778-34-2523,A,Yangon,Member,Electronic accessories,48.62,8,19.448,19.448,388.96,369.512
Female,499-27-7781,B,Mandalay,Normal,Food and beverages,53.21,8,21.284,21.284,425.68,404.396
Female,477-59-2456,C,Naypyitaw,Normal,Fashion accessories,45.44,7,15.904,15.904,318.08,302.176
Female,186-43-8965,A,Yangon,Member,Home and lifestyle,47.68,2,4.768,4.768,95.36,90.592
Female,276-75-6884,A,Yangon,Normal,Health and beauty,68.71,3,10.3065,10.3065,206.13,195.8235
Female,109-86-4363,B,Mandalay,Member,Sports and travel,60.08,7,21.028,21.028,420.56,399.532
Female,569-76-2760,A,Yangon,Member,Sports and travel,22.01,4,4.402,4.402,88.04,83.638
Female,222-42-0244,B,Mandalay,Member,Health and beauty,72.11,9,324.495,32.4495,648.99,616.5405
Female,416-17-9926,A,Yangon,Member,Electronic accessories,74.22,10,37.11,37.11,742.2,705.09
Female,343-75-9322,B,Mandalay,Member,Sports and travel,11.85,8,4.74,4.74,94.8,90.06
Female,427-45-9297,B,Mandalay,Member,Home and lifestyle,40.73,7,142.555,14.2555,285.11,270.8545
Female,271-77-8740,C,Naypyitaw,Member,Sports and travel,29.22,6,8.766,8.766,175.32,166.554
Female,860-73-6466,A,Yangon,Member,Sports and travel,39.47,2,3.947,3.947,78.94,74.993
Female,549-23-9016,C,Naypyitaw,Member,Food and beverages,14.87,2,1.487,1.487,29.74,28.253
Female,862-29-5914,C,Naypyitaw,Normal,Sports and travel,22.38,1,1.119,1.119,22.38,21.261
Female,845-94-6841,C,Naypyitaw,Member,Food and beverages,72.88,9,32.796,32.796,655.92,623.124
Female,125-45-2293,A,Yangon,Normal,Fashion accessories,99.1,6,29.73,29.73,594.6,564.87
Female,409-33-9708,A,Yangon,Normal,Fashion accessories,98.48,2,9.848,9.848,196.96,187.112
Female,866-70-2814,B,Mandalay,Normal,Electronic accessories,52.79,10,26.395,26.395,527.9,501.505
Female,160-22-2687,A,Yangon,Member,Health and beauty,95.95,5,239.875,23.9875,479.75,455.7625
Female,895-03-6665,B,Mandalay,Normal,Fashion accessories,36.51,9,164.295,16.4295,328.59,312.1605
Female,748-45-2862,A,Yangon,Member,Home and lifestyle,28.31,4,5.662,5.662,113.24,107.578
Female,316-66-3011,A,Yangon,Member,Food and beverages,47.63,9,214.335,21.4335,428.67,407.2365
Female,848-95-6252,C,Naypyitaw,Member,Home and lifestyle,86.27,1,4.3135,4.3135,86.27,81.9565
Female,152-03-4217,B,Mandalay,Normal,Home and lifestyle,11.28,9,5.076,5.076,101.52,96.444
Female,533-66-5566,B,Mandalay,Normal,Home and lifestyle,51.07,7,178.745,17.8745,357.49,339.6155
Female,124-31-1458,A,Yangon,Member,Electronic accessories,79.59,3,11.9385,11.9385,238.77,226.8315
Female,101-81-4070,C,Naypyitaw,Member,Health and beauty,62.82,2,6.282,6.282,125.64,119.358
Female,544-55-9589,B,Mandalay,Member,Electronic accessories,21.43,10,10.715,10.715,214.3,203.585
Female,448-61-3783,A,Yangon,Normal,Electronic accessories,90.02,8,36.008,36.008,720.16,684.152
Female,761-49-0439,B,Mandalay,Member,Electronic accessories,12.1,8,4.84,4.84,96.8,91.96
Female,490-95-0021,B,Mandalay,Member,Food and beverages,33.21,10,16.605,16.605,332.1,315.495
Female,115-38-7388,C,Naypyitaw,Member,Fashion accessories,10.18,8,4.072,4.072,81.44,77.368
Female,291-55-6563,A,Yangon,Member,Home and lifestyle,34.42,6,10.326,10.326,206.52,196.194
Female,548-48-3156,A,Yangon,Member,Food and beverages,83.34,2,8.334,8.334,166.68,158.346
Female,884-80-6021,A,Yangon,Member,Electronic accessories,73.47,10,36.735,36.735,734.7,697.965
Female,137-74-8729,C,Naypyitaw,Normal,Fashion accessories,12.19,8,4.876,4.876,97.52,92.644
Female,389-70-2397,C,Naypyitaw,Normal,Health and beauty,83.66,5,20.915,20.915,418.3,397.385
Female,114-35-5271,B,Mandalay,Normal,Electronic accessories,57.91,8,23.164,23.164,463.28,440.116
Female,607-76-6216,C,Naypyitaw,Member,Fashion accessories,92.49,5,231.225,23.1225,462.45,439.3275
Female,409-49-6995,C,Naypyitaw,Member,Food and beverages,47.27,6,14.181,14.181,283.62,269.439
Female,377-79-7592,C,Naypyitaw,Member,Electronic accessories,44.84,9,20.178,20.178,403.56,383.382
Female,595-94-9924,A,Yangon,Member,Health and beauty,27.73,5,6.9325,6.9325,138.65,131.7175
Female,545-07-8534,C,Naypyitaw,Normal,Health and beauty,58.32,2,5.832,5.832,116.64,110.808
Female,118-62-1812,C,Naypyitaw,Member,Home and lifestyle,78.38,4,15.676,15.676,313.52,297.844
Female,851-98-3555,B,Mandalay,Normal,Health and beauty,82.88,5,20.72,20.72,414.4,393.68
Female,186-71-5196,A,Yangon,Member,Food and beverages,79.54,2,7.954,7.954,159.08,151.126
Female,624-01-8356,B,Mandalay,Normal,Home and lifestyle,49.01,10,24.505,24.505,490.1,465.595
Female,313-66-9943,B,Mandalay,Member,Food and beverages,29.15,3,4.3725,4.3725,87.45,83.0775
Female,151-27-8496,C,Naypyitaw,Normal,Electronic accessories,56.13,4,11.226,11.226,224.52,213.294
Female,453-33-6436,A,Yangon,Normal,Home and lifestyle,93.12,8,37.248,37.248,744.96,707.712
Female,459-45-2396,A,Yangon,Member,Food and beverages,99.6,3,14.94,14.94,298.8,283.86
Female,717-96-4189,C,Naypyitaw,Normal,Electronic accessories,35.49,6,10.647,10.647,212.94,202.293
Female,749-81-8133,A,Yangon,Normal,Fashion accessories,94.67,4,18.934,18.934,378.68,359.746
Female,636-98-3364,B,Mandalay,Member,Electronic accessories,26.26,3,3.939,3.939,78.78,74.841
Female,246-55-6923,C,Naypyitaw,Member,Home and lifestyle,35.79,9,161.055,16.1055,322.11,306.0045
Female,181-82-6255,B,Mandalay,Normal,Home and lifestyle,16.37,6,4.911,4.911,98.22,93.309
Female,838-02-1821,C,Naypyitaw,Member,Home and lifestyle,12.73,2,1.273,1.273,25.46,24.187
Female,887-42-0517,C,Naypyitaw,Normal,Sports and travel,83.14,7,29.099,29.099,581.98,552.881
Female,457-12-0244,C,Naypyitaw,Member,Sports and travel,35.22,6,10.566,10.566,211.32,200.754
Female,226-34-0034,B,Mandalay,Normal,Electronic accessories,13.78,4,2.756,2.756,55.12,52.364
Female,397-25-8725,A,Yangon,Member,Health and beauty,39.62,9,17.829,17.829,356.58,338.751
Female,431-66-2305,B,Mandalay,Normal,Electronic accessories,88.25,9,397.125,39.7125,794.25,754.5375
Female,756-93-1854,C,Naypyitaw,Member,Fashion accessories,83.35,2,8.335,8.335,166.7,158.365
Female,243-55-8457,A,Yangon,Normal,Food and beverages,74.44,10,37.22,37.22,744.4,707.18
Female,501-61-1753,B,Mandalay,Normal,Home and lifestyle,63.15,6,18.945,18.945,378.9,359.955
Female,433-08-7822,C,Naypyitaw,Normal,Health and beauty,78.89,7,276.115,27.6115,552.23,524.6185
Female,361-85-2571,A,Yangon,Normal,Sports and travel,89.48,5,22.37,22.37,447.4,425.03
Female,131-70-8179,A,Yangon,Member,Health and beauty,92.09,3,138.135,13.8135,276.27,262.4565
Female,500-02-2261,C,Naypyitaw,Normal,Food and beverages,57.29,6,17.187,17.187,343.74,326.553
Female,809-69-9497,A,Yangon,Normal,Home and lifestyle,45.68,10,22.84,22.84,456.8,433.96
Female,489-82-1237,A,Yangon,Normal,Electronic accessories,93.88,7,32.858,32.858,657.16,624.302
Female,365-16-4334,B,Mandalay,Normal,Food and beverages,26.43,8,10.572,10.572,211.44,200.868
Female,305-89-2768,B,Mandalay,Member,Home and lifestyle,21.9,3,3.285,3.285,65.7,62.415
Female,574-80-1489,B,Mandalay,Member,Food and beverages,62.85,4,12.57,12.57,251.4,238.83
Female,784-08-0310,C,Naypyitaw,Member,Food and beverages,21.04,4,4.208,4.208,84.16,79.952
Female,846-10-0341,A,Yangon,Normal,Fashion accessories,42.57,7,148.995,14.8995,297.99,283.0905
Female,867-47-1948,C,Naypyitaw,Normal,Home and lifestyle,15.8,10,7.9,7.9,158,150.1
Female,384-59-6655,A,Yangon,Member,Food and beverages,98.66,9,44.397,44.397,887.94,843.543
Female,593-08-5916,A,Yangon,Normal,Fashion accessories,15.5,1,775,0.775,15.5,14.725
Female,172-42-8274,B,Mandalay,Normal,Electronic accessories,38.27,2,3.827,3.827,76.54,72.713
Female,558-60-5016,A,Yangon,Normal,Home and lifestyle,33.3,9,14.985,14.985,299.7,284.715
Female,605-03-2706,A,Yangon,Normal,Health and beauty,15.8,3,2.37,2.37,47.4,45.03
Female,214-30-2776,B,Mandalay,Member,Electronic accessories,34.49,5,8.6225,8.6225,172.45,163.8275
Female,746-04-1077,B,Mandalay,Member,Food and beverages,84.63,10,42.315,42.315,846.3,803.985
Female,221-25-5073,A,Yangon,Normal,Food and beverages,74.66,4,14.932,14.932,298.64,283.708
Female,156-20-0370,B,Mandalay,Normal,Electronic accessories,25.45,1,1.2725,1.2725,25.45,24.1775
Female,151-33-7434,B,Mandalay,Normal,Food and beverages,67.77,1,3.3885,3.3885,67.77,64.3815
Female,139-32-4183,A,Yangon,Member,Sports and travel,97.48,9,43.866,43.866,877.32,833.454
Female,374-38-5555,B,Mandalay,Normal,Fashion accessories,63.71,5,159.275,15.9275,318.55,302.6225
Female,764-44-8999,B,Mandalay,Normal,Health and beauty,14.76,2,1.476,1.476,29.52,28.044
Female,886-18-2897,A,Yangon,Normal,Food and beverages,56.56,5,14.14,14.14,282.8,268.66
Female,602-16-6955,B,Mandalay,Normal,Sports and travel,76.6,10,38.3,38.3,766,727.7
Female,652-49-6720,C,Naypyitaw,Member,Electronic accessories,60.95,1,3.0475,3.0475,60.95,57.9025
Female,303-96-2227,B,Mandalay,Normal,Home and lifestyle,97.38,10,48.69,48.69,973.8,925.11
Female,849-09-3807,A,Yangon,Member,Fashion accessories,88.34,7,30.919,30.919,618.38,587.461
Male,631-41-3108,A,Yangon,Normal,Home and lifestyle,46.33,7,162.155,16.2155,324.31,308.0945
Male,123-19-1176,A,Yangon,Member,Health and beauty,58.22,8,23.288,23.288,465.76,442.472
Male,373-73-7910,A,Yangon,Normal,Sports and travel,86.31,7,302.085,30.2085,604.17,573.9615
Male,699-14-3026,C,Naypyitaw,Normal,Electronic accessories,85.39,7,298.865,29.8865,597.73,567.8435
Male,529-56-3974,B,Mandalay,Member,Electronic accessories,25.51,4,5.102,5.102,102.04,96.938
Male,252-56-2699,A,Yangon,Normal,Food and beverages,43.19,10,21.595,21.595,431.9,410.305
Male,765-26-6951,A,Yangon,Normal,Sports and travel,72.61,6,21.783,21.783,435.66,413.877
Male,329-62-1586,A,Yangon,Normal,Food and beverages,54.67,3,8.2005,8.2005,164.01,155.8095
Male,300-71-4605,C,Naypyitaw,Member,Electronic accessories,86.04,5,21.51,21.51,430.2,408.69
Male,371-85-5789,B,Mandalay,Normal,Health and beauty,87.98,3,13.197,13.197,263.94,250.743
Male,273-16-6619,B,Mandalay,Normal,Home and lifestyle,33.2,2,3.32,3.32,66.4,63.08
Male,636-48-8204,A,Yangon,Normal,Electronic accessories,34.56,5,8.64,8.64,172.8,164.16
Male,549-59-1358,A,Yangon,Member,Sports and travel,88.63,3,132.945,13.2945,265.89,252.5955
Male,649-29-6775,B,Mandalay,Normal,Fashion accessories,33.52,1,1.676,1.676,33.52,31.844
Male,848-62-7243,A,Yangon,Normal,Health and beauty,24.89,9,11.2005,11.2005,224.01,212.8095
Male,871-79-8483,B,Mandalay,Normal,Fashion accessories,94.13,5,235.325,23.5325,470.65,447.1175
Male,149-71-6266,B,Mandalay,Member,Sports and travel,78.07,9,351.315,35.1315,702.63,667.4985
Male,640-49-2076,B,Mandalay,Normal,Sports and travel,83.78,8,33.512,33.512,670.24,636.728
Male,595-11-5460,A,Yangon,Normal,Health and beauty,96.58,2,9.658,9.658,193.16,183.502
Male,129-29-8530,A,Yangon,Member,Sports and travel,62.62,5,15.655,15.655,313.1,297.445
Male,777-82-7220,B,Mandalay,Member,Home and lifestyle,30.12,8,12.048,12.048,240.96,228.912
Male,554-53-8700,C,Naypyitaw,Member,Home and lifestyle,56.11,2,5.611,5.611,112.22,106.609
Male,617-15-4209,C,Naypyitaw,Member,Health and beauty,15.37,2,1.537,1.537,30.74,29.203
Male,370-41-7321,B,Mandalay,Member,Health and beauty,56.69,9,255.105,25.5105,510.21,484.6995
Male,669-54-1719,B,Mandalay,Member,Electronic accessories,18.93,6,5.679,5.679,113.58,107.901
Male,326-78-5178,C,Naypyitaw,Member,Food and beverages,91.4,7,31.99,31.99,639.8,607.81
Male,778-71-5554,C,Naypyitaw,Member,Fashion accessories,15.43,1,7.715,0.7715,15.43,14.6585
Male,242-55-6721,B,Mandalay,Normal,Home and lifestyle,16.16,2,1.616,1.616,32.32,30.704
Male,106-35-6779,A,Yangon,Member,Home and lifestyle,44.34,2,4.434,4.434,88.68,84.246
Male,635-40-6220,A,Yangon,Normal,Health and beauty,89.6,8,35.84,35.84,716.8,680.96
Male,120-06-4233,C,Naypyitaw,Normal,Electronic accessories,30.61,6,9.183,9.183,183.66,174.477
Male,803-83-5989,C,Naypyitaw,Normal,Home and lifestyle,55.73,6,16.719,16.719,334.38,317.661
Male,199-75-8169,A,Yangon,Member,Sports and travel,15.81,10,7.905,7.905,158.1,150.195
Male,853-23-2453,B,Mandalay,Member,Health and beauty,75.74,4,15.148,15.148,302.96,287.812
Male,877-22-3308,A,Yangon,Member,Health and beauty,15.87,10,7.935,7.935,158.7,150.765
Male,232-11-3025,A,Yangon,Normal,Sports and travel,78.77,10,39.385,39.385,787.7,748.315
Male,393-65-2792,C,Naypyitaw,Normal,Food and beverages,89.48,10,44.74,44.74,894.8,850.06
Male,796-12-2025,C,Naypyitaw,Normal,Fashion accessories,62.12,10,31.06,31.06,621.2,590.14
Male,287-21-9091,A,Yangon,Normal,Home and lifestyle,74.67,9,336.015,33.6015,672.03,638.4285
Male,263-10-3913,C,Naypyitaw,Member,Fashion accessories,49.04,9,22.068,22.068,441.36,419.292
Male,480-63-2856,C,Naypyitaw,Normal,Food and beverages,19.25,8,7.7,7.7,154,146.3
Male,360-39-5055,C,Naypyitaw,Member,Sports and travel,48.91,5,12.2275,12.2275,244.55,232.3225
Male,362-58-8315,C,Naypyitaw,Normal,Fashion accessories,76.52,5,19.13,19.13,382.6,363.47
Male,633-44-8566,A,Yangon,Member,Food and beverages,49.38,7,17.283,17.283,345.66,328.377
Male,504-35-8843,A,Yangon,Normal,Sports and travel,42.47,1,2.1235,2.1235,42.47,40.3465
Male,152-08-9985,B,Mandalay,Member,Health and beauty,64.36,9,28.962,28.962,579.24,550.278
Male,512-91-0811,C,Naypyitaw,Normal,Health and beauty,89.75,1,4.4875,4.4875,89.75,85.2625
Male,594-34-4444,A,Yangon,Normal,Electronic accessories,97.16,1,4.858,4.858,97.16,92.302
Male,766-85-7061,B,Mandalay,Normal,Health and beauty,87.87,10,43.935,43.935,878.7,834.765
Male,865-92-6136,A,Yangon,Normal,Food and beverages,52.75,3,7.9125,7.9125,158.25,150.3375
Male,733-01-9107,B,Mandalay,Normal,Home and lifestyle,82.7,6,24.81,24.81,496.2,471.39
Male,163-56-7055,C,Naypyitaw,Member,Fashion accessories,48.71,1,2.4355,2.4355,48.71,46.2745
Male,189-98-2939,C,Naypyitaw,Normal,Fashion accessories,78.55,9,353.475,35.3475,706.95,671.6025
Male,212-62-1842,A,Yangon,Normal,Food and beverages,58.26,6,17.478,17.478,349.56,332.082
Male,716-39-1409,B,Mandalay,Normal,Health and beauty,30.35,7,10.6225,10.6225,212.45,201.8275
Male,704-48-3927,A,Yangon,Member,Electronic accessories,88.67,10,44.335,44.335,886.7,842.365
Male,628-34-3388,C,Naypyitaw,Normal,Fashion accessories,27.38,6,8.214,8.214,164.28,156.066
Male,630-74-5166,A,Yangon,Normal,Sports and travel,62.13,6,18.639,18.639,372.78,354.141
Male,861-77-0145,C,Naypyitaw,Member,Electronic accessories,81.97,10,40.985,40.985,819.7,778.715
Male,645-44-1170,A,Yangon,Member,Home and lifestyle,58.07,9,261.315,26.1315,522.63,496.4985
Male,291-32-1427,B,Mandalay,Member,Fashion accessories,21.94,5,5.485,5.485,109.7,104.215
Male,659-65-8956,B,Mandalay,Member,Fashion accessories,51.36,1,2.568,2.568,51.36,48.792
Male,378-24-2715,B,Mandalay,Normal,Home and lifestyle,53.44,2,5.344,5.344,106.88,101.536
Male,659-36-1684,C,Naypyitaw,Member,Sports and travel,57.12,7,19.992,19.992,399.84,379.848
Male,219-22-9386,B,Mandalay,Member,Sports and travel,99.96,9,44.982,44.982,899.64,854.658
Male,336-78-2147,C,Naypyitaw,Member,Home and lifestyle,63.91,8,25.564,25.564,511.28,485.716
Male,590-83-4591,B,Mandalay,Member,Electronic accessories,87.45,6,26.235,26.235,524.7,498.465
Male,597-78-7908,C,Naypyitaw,Normal,Fashion accessories,90.22,3,13.533,13.533,270.66,257.127
Male,241-72-9525,B,Mandalay,Normal,Sports and travel,51.91,10,25.955,25.955,519.1,493.145
Male,575-30-8091,A,Yangon,Normal,Sports and travel,72.5,8,29,29,580,551
Male,280-17-4359,C,Naypyitaw,Member,Health and beauty,90.5,10,45.25,45.25,905,859.75
Male,568-90-5112,C,Naypyitaw,Normal,Health and beauty,66.14,4,13.228,13.228,264.56,251.332
Male,262-47-2794,B,Mandalay,Member,Home and lifestyle,71.86,8,28.744,28.744,574.88,546.136
Male,238-49-0436,A,Yangon,Normal,Health and beauty,32.46,8,12.984,12.984,259.68,246.696
Male,584-86-7256,C,Naypyitaw,Member,Sports and travel,34.56,7,12.096,12.096,241.92,229.824
Male,746-94-0204,A,Yangon,Normal,Fashion accessories,83.24,9,37.458,37.458,749.16,711.702
Male,782-95-9291,A,Yangon,Member,Food and beverages,92.29,5,230.725,23.0725,461.45,438.3775
Male,279-74-2924,B,Mandalay,Member,Electronic accessories,72.17,1,3.6085,3.6085,72.17,68.5615
Male,307-85-2293,B,Mandalay,Normal,Home and lifestyle,50.28,5,12.57,12.57,251.4,238.83
Male,743-04-1105,B,Mandalay,Member,Health and beauty,97.22,9,43.749,43.749,874.98,831.231
Male,423-57-2993,B,Mandalay,Normal,Sports and travel,93.39,6,28.017,28.017,560.34,532.323
Male,275-28-0149,A,Yangon,Normal,Sports and travel,63.69,1,3.1845,3.1845,63.69,60.5055
Male,101-17-6199,A,Yangon,Normal,Food and beverages,45.79,7,160.265,16.0265,320.53,304.5035
Male,423-80-0988,C,Naypyitaw,Normal,Sports and travel,76.4,2,7.64,7.64,152.8,145.16
Male,548-46-9322,B,Mandalay,Normal,Food and beverages,39.9,10,19.95,19.95,399,379.05
Male,505-02-0892,B,Mandalay,Member,Health and beauty,42.57,8,17.028,17.028,340.56,323.532
Male,234-65-2137,C,Naypyitaw,Normal,Home and lifestyle,95.58,10,47.79,47.79,955.8,908.01
Male,687-47-8271,A,Yangon,Normal,Fashion accessories,98.98,10,49.49,49.49,989.8,940.31
Male,796-32-9050,A,Yangon,Normal,Food and beverages,51.28,6,15.384,15.384,307.68,292.296
Male,105-31-1824,A,Yangon,Member,Sports and travel,69.52,7,24.332,24.332,486.64,462.308
Male,249-42-3782,A,Yangon,Normal,Health and beauty,70.01,5,175.025,17.5025,350.05,332.5475
Male,316-55-4634,B,Mandalay,Member,Food and beverages,80.05,5,200.125,20.0125,400.25,380.2375
Male,733-33-4967,C,Naypyitaw,Normal,Electronic accessories,20.85,8,8.34,8.34,166.8,158.46
Male,608-27-6295,B,Mandalay,Member,Electronic accessories,52.89,6,15.867,15.867,317.34,301.473
Male,414-12-7047,B,Mandalay,Normal,Food and beverages,19.79,8,7.916,7.916,158.32,150.404
Male,827-26-2100,A,Yangon,Member,Home and lifestyle,33.84,9,15.228,15.228,304.56,289.332
Male,175-54-2529,A,Yangon,Member,Food and beverages,22.17,8,8.868,8.868,177.36,168.492
Male,407-63-8975,A,Yangon,Normal,Food and beverages,73.88,6,22.164,22.164,443.28,421.116
Male,342-65-4817,C,Naypyitaw,Member,Health and beauty,86.8,3,13.02,13.02,260.4,247.38
Male,130-98-8941,C,Naypyitaw,Normal,Fashion accessories,64.26,7,22.491,22.491,449.82,427.329
Male,434-83-9547,C,Naypyitaw,Member,Food and beverages,38.47,8,15.388,15.388,307.76,292.372
Male,851-28-6367,A,Yangon,Member,Sports and travel,15.5,10,7.75,7.75,155,147.25
Male,824-88-3614,C,Naypyitaw,Normal,Health and beauty,34.31,8,13.724,13.724,274.48,260.756
Male,895-66-0685,B,Mandalay,Member,Food and beverages,18.08,3,2.712,2.712,54.24,51.528
Male,732-04-5373,B,Mandalay,Member,Home and lifestyle,46.47,4,9.294,9.294,185.88,176.586
Male,400-60-7251,A,Yangon,Normal,Home and lifestyle,74.07,1,3.7035,3.7035,74.07,70.3665
Male,641-43-2399,B,Mandalay,Normal,Home and lifestyle,25.55,4,5.11,5.11,102.2,97.09
Male,831-07-6050,A,Yangon,Normal,Electronic accessories,32.71,5,8.1775,8.1775,163.55,155.3725
Male,848-24-9445,C,Naypyitaw,Member,Health and beauty,43.7,2,4.37,4.37,87.4,83.03
Male,699-01-4164,C,Naypyitaw,Normal,Health and beauty,41.5,4,8.3,8.3,166,157.7
Male,426-39-2418,C,Naypyitaw,Normal,Electronic accessories,61.41,7,214.935,21.4935,429.87,408.3765
Male,875-46-5808,B,Mandalay,Member,Health and beauty,25.9,10,12.95,12.95,259,246.05
Male,394-43-4238,B,Mandalay,Member,Home and lifestyle,17.77,5,4.4425,4.4425,88.85,84.4075
Male,888-02-0338,A,Yangon,Normal,Electronic accessories,26.23,9,11.8035,11.8035,236.07,224.2665
Male,142-63-6033,B,Mandalay,Normal,Home and lifestyle,92.36,5,23.09,23.09,461.8,438.71
Male,656-16-1063,B,Mandalay,Normal,Sports and travel,46.42,3,6.963,6.963,139.26,132.297
Male,802-43-8934,A,Yangon,Normal,Home and lifestyle,18.28,1,914,0.914,18.28,17.366
Male,549-03-9315,B,Mandalay,Normal,Fashion accessories,94.87,8,37.948,37.948,758.96,721.012
Male,239-36-3640,B,Mandalay,Normal,Electronic accessories,45.35,6,13.605,13.605,272.1,258.495
Male,468-01-2051,B,Mandalay,Normal,Food and beverages,62.08,7,21.728,21.728,434.56,412.832
Male,389-25-3394,C,Naypyitaw,Normal,Electronic accessories,11.81,5,2.9525,2.9525,59.05,56.0975
Male,213-72-6612,A,Yangon,Normal,Food and beverages,43.25,2,4.325,4.325,86.5,82.175
Male,836-82-5858,B,Mandalay,Member,Health and beauty,69.37,9,312.165,31.2165,624.33,593.1135
Male,583-72-1480,C,Naypyitaw,Member,Electronic accessories,37.06,4,7.412,7.412,148.24,140.828
Male,269-04-5750,B,Mandalay,Member,Fashion accessories,73.82,4,14.764,14.764,295.28,280.516
Male,157-13-5295,A,Yangon,Member,Health and beauty,51.94,10,25.97,25.97,519.4,493.43
Male,211-30-9270,C,Naypyitaw,Normal,Health and beauty,17.41,5,4.3525,4.3525,87.05,82.6975
Male,478-06-7835,A,Yangon,Normal,Fashion accessories,89.69,1,4.4845,4.4845,89.69,85.2055
Male,540-11-4336,A,Yangon,Normal,Food and beverages,24.94,9,11.223,11.223,224.46,213.237
Male,448-81-5016,A,Yangon,Normal,Health and beauty,59.77,2,5.977,5.977,119.54,113.563
Male,142-72-4741,C,Naypyitaw,Member,Fashion accessories,93.2,2,9.32,9.32,186.4,177.08
Male,217-58-1179,A,Yangon,Member,Home and lifestyle,62.65,4,12.53,12.53,250.6,238.07
Male,376-02-8238,B,Mandalay,Normal,Home and lifestyle,93.87,8,37.548,37.548,750.96,713.412
Male,530-90-9855,A,Yangon,Member,Home and lifestyle,47.59,8,19.036,19.036,380.72,361.684
Male,604-70-6476,A,Yangon,Member,Fashion accessories,17.94,5,4.485,4.485,89.7,85.215
Male,799-71-1548,A,Yangon,Member,Electronic accessories,77.72,4,15.544,15.544,310.88,295.336
Male,785-13-7708,B,Mandalay,Normal,Food and beverages,73.06,7,25.571,25.571,511.42,485.849
Male,845-51-0542,B,Mandalay,Member,Food and beverages,46.55,9,209.475,20.9475,418.95,398.0025
Male,662-47-5456,C,Naypyitaw,Member,Fashion accessories,35.19,10,17.595,17.595,351.9,334.305
Male,290-68-2984,A,Yangon,Normal,Home and lifestyle,23.75,4,4.75,4.75,95,90.25
Male,704-11-6354,A,Yangon,Member,Home and lifestyle,58.9,8,23.56,23.56,471.2,447.64
Male,110-48-7033,B,Mandalay,Member,Fashion accessories,32.62,4,6.524,6.524,130.48,123.956
Male,366-93-0948,A,Yangon,Member,Electronic accessories,66.35,1,3.3175,3.3175,66.35,63.0325
Male,729-09-9681,A,Yangon,Member,Home and lifestyle,25.91,6,7.773,7.773,155.46,147.687
Male,151-16-1484,A,Yangon,Member,Electronic accessories,32.25,4,6.45,6.45,129,122.55
Male,380-94-4661,C,Naypyitaw,Member,Electronic accessories,65.94,4,13.188,13.188,263.76,250.572
Male,154-74-7179,B,Mandalay,Normal,Sports and travel,54.45,1,2.7225,2.7225,54.45,51.7275
Male,808-65-0703,C,Naypyitaw,Normal,Home and lifestyle,35.47,4,7.094,7.094,141.88,134.786
Male,144-51-6085,A,Yangon,Member,Home and lifestyle,70.74,4,14.148,14.148,282.96,268.812
Male,566-19-5475,B,Mandalay,Normal,Fashion accessories,47.97,7,167.895,16.7895,335.79,319.0005
Male,537-72-0426,C,Naypyitaw,Member,Fashion accessories,70.99,10,35.495,35.495,709.9,674.405
Male,828-61-5674,A,Yangon,Member,Sports and travel,44.02,10,22.01,22.01,440.2,418.19
Male,523-38-0215,C,Naypyitaw,Normal,Home and lifestyle,37,1,1.85,1.85,37,35.15
Male,667-92-0055,A,Yangon,Member,Health and beauty,99.83,6,29.949,29.949,598.98,569.031
Male,498-41-1961,B,Mandalay,Normal,Health and beauty,66.68,5,16.67,16.67,333.4,316.73
Male,593-95-4461,C,Naypyitaw,Member,Home and lifestyle,74.86,1,3.743,3.743,74.86,71.117
Male,139-20-0155,B,Mandalay,Member,Electronic accessories,40.3,10,20.15,20.15,403,382.85
Male,558-80-4082,C,Naypyitaw,Normal,Electronic accessories,27.85,7,9.7475,9.7475,194.95,185.2025
Male,585-03-5943,B,Mandalay,Normal,Health and beauty,18.11,10,9.055,9.055,181.1,172.045
Male,727-75-6477,C,Naypyitaw,Normal,Electronic accessories,28.84,4,5.768,5.768,115.36,109.592
Male,744-02-5987,A,Yangon,Member,Home and lifestyle,78.38,6,23.514,23.514,470.28,446.766
Male,307-83-9164,A,Yangon,Member,Home and lifestyle,60.01,4,12.002,12.002,240.04,228.038
Male,446-47-6729,C,Naypyitaw,Normal,Fashion accessories,99.82,2,9.982,9.982,199.64,189.658
Male,573-10-3877,B,Mandalay,Member,Health and beauty,39.01,1,1.9505,1.9505,39.01,37.0595
Male,735-06-4124,C,Naypyitaw,Normal,Food and beverages,48.61,1,2.4305,2.4305,48.61,46.1795
Male,411-77-0180,A,Yangon,Member,Electronic accessories,72.2,7,25.27,25.27,505.4,480.13
Male,532-59-7201,B,Mandalay,Member,Sports and travel,79.93,6,23.979,23.979,479.58,455.601
Male,181-94-6432,C,Naypyitaw,Member,Fashion accessories,69.33,2,6.933,6.933,138.66,131.727
Male,174-36-3675,C,Naypyitaw,Member,Food and beverages,99.37,2,9.937,9.937,198.74,188.803
Male,603-07-0961,C,Naypyitaw,Member,Electronic accessories,74.79,5,186.975,18.6975,373.95,355.2525
Male,787-15-1757,C,Naypyitaw,Member,Health and beauty,44.07,4,8.814,8.814,176.28,167.466
Male,372-94-8041,A,Yangon,Normal,Health and beauty,15.26,6,4.578,4.578,91.56,86.982
Male,746-54-5508,A,Yangon,Normal,Home and lifestyle,21.52,6,6.456,6.456,129.12,122.664
Male,276-54-0879,B,Mandalay,Normal,Sports and travel,97.74,4,19.548,19.548,390.96,371.412
Male,815-11-1168,A,Yangon,Member,Food and beverages,99.78,5,24.945,24.945,498.9,473.955
Male,719-76-3868,C,Naypyitaw,Member,Food and beverages,94.26,4,18.852,18.852,377.04,358.188
Male,730-61-8757,B,Mandalay,Member,Health and beauty,51.13,4,10.226,10.226,204.52,194.294
Male,340-66-0321,A,Yangon,Member,Electronic accessories,36.36,4,7.272,7.272,145.44,138.168
Male,868-81-1752,B,Mandalay,Normal,Home and lifestyle,22.02,9,9.909,9.909,198.18,188.271
Male,634-97-8956,A,Yangon,Normal,Food and beverages,32.9,3,4.935,4.935,98.7,93.765
Male,566-71-1091,A,Yangon,Normal,Fashion accessories,77.02,5,19.255,19.255,385.1,365.845
Male,442-48-3607,A,Yangon,Member,Food and beverages,23.48,2,2.348,2.348,46.96,44.612
Male,835-16-0096,C,Naypyitaw,Member,Sports and travel,14.7,5,3.675,3.675,73.5,69.825
Male,898-04-2717,A,Yangon,Normal,Fashion accessories,76.4,9,34.38,34.38,687.6,653.22
Male,378-07-7001,B,Mandalay,Member,Electronic accessories,48.09,3,7.2135,7.2135,144.27,137.0565
Male,150-89-8043,A,Yangon,Normal,Sports and travel,44.65,3,6.6975,6.6975,133.95,127.2525
Male,441-94-7118,A,Yangon,Member,Electronic accessories,71.95,1,3.5975,3.5975,71.95,68.3525
Male,531-80-1784,A,Yangon,Normal,Electronic accessories,26.02,7,9.107,9.107,182.14,173.033
Male,834-61-8124,A,Yangon,Normal,Electronic accessories,51.69,7,180.915,18.0915,361.83,343.7385
Male,565-67-6697,B,Mandalay,Member,Home and lifestyle,27,9,12.15,12.15,243,230.85
Male,453-63-6187,B,Mandalay,Normal,Electronic accessories,27.5,3,4.125,4.125,82.5,78.375
Male,578-80-7669,B,Mandalay,Normal,Sports and travel,74.97,1,3.7485,3.7485,74.97,71.2215
Male,612-36-5536,A,Yangon,Member,Food and beverages,80.96,8,32.384,32.384,647.68,615.296
Male,471-41-2823,C,Naypyitaw,Normal,Food and beverages,99.79,2,9.979,9.979,199.58,189.601
Male,462-67-9126,A,Yangon,Normal,Home and lifestyle,73.22,6,21.966,21.966,439.32,417.354
Male,468-88-0009,A,Yangon,Member,Home and lifestyle,65.94,4,13.188,13.188,263.76,250.572
Male,254-31-0042,A,Yangon,Member,Electronic accessories,21.5,9,9.675,9.675,193.5,183.825
Male,382-25-8917,C,Naypyitaw,Normal,Fashion accessories,42.08,6,12.624,12.624,252.48,239.856
Male,743-88-1662,C,Naypyitaw,Normal,Sports and travel,95.49,7,334.215,33.4215,668.43,635.0085
Male,595-86-2894,C,Naypyitaw,Member,Fashion accessories,96.98,4,19.396,19.396,387.92,368.524
Male,289-15-7034,A,Yangon,Member,Sports and travel,82.33,4,16.466,16.466,329.32,312.854
Male,525-88-7307,B,Mandalay,Member,Sports and travel,75.82,1,3.791,3.791,75.82,72.029
Male,689-16-9784,C,Naypyitaw,Normal,Food and beverages,46.77,6,14.031,14.031,280.62,266.589
Male,596-42-3999,B,Mandalay,Normal,Food and beverages,18.22,7,6.377,6.377,127.54,121.163
Male,563-36-9814,A,Yangon,Member,Electronic accessories,76.82,1,3.841,3.841,76.82,72.979
Male,760-54-1821,B,Mandalay,Normal,Home and lifestyle,13.59,9,6.1155,6.1155,122.31,116.1945
Male,346-12-3257,B,Mandalay,Member,Electronic accessories,19.24,9,8.658,8.658,173.16,164.502
Male,651-61-0874,C,Naypyitaw,Normal,Home and lifestyle,46.22,4,9.244,9.244,184.88,175.636
Male,236-86-3015,C,Naypyitaw,Member,Home and lifestyle,13.98,1,699,0.699,13.98,13.281
Male,882-40-4577,A,Yangon,Member,Sports and travel,67.26,4,13.452,13.452,269.04,255.588
Male,732-67-5346,A,Yangon,Normal,Food and beverages,13.79,5,3.4475,3.4475,68.95,65.5025
Male,569-71-4390,B,Mandalay,Normal,Sports and travel,21.87,2,2.187,2.187,43.74,41.553
Male,132-23-6451,A,Yangon,Member,Health and beauty,20.97,5,5.2425,5.2425,104.85,99.6075
Male,696-90-2548,A,Yangon,Normal,Sports and travel,25.84,3,3.876,3.876,77.52,73.644
Male,472-15-9636,A,Yangon,Normal,Home and lifestyle,50.93,8,20.372,20.372,407.44,387.068
Male,268-03-6164,B,Mandalay,Normal,Health and beauty,96.11,1,4.8055,4.8055,96.11,91.3045
Male,301-81-8610,B,Mandalay,Member,Fashion accessories,25.42,8,10.168,10.168,203.36,193.192
Male,489-64-4354,C,Naypyitaw,Normal,Fashion accessories,16.28,1,814,0.814,16.28,15.466
Male,198-84-7132,B,Mandalay,Member,Fashion accessories,40.61,9,182.745,18.2745,365.49,347.2155
Male,269-10-8440,A,Yangon,Member,Health and beauty,53.17,7,186.095,18.6095,372.19,353.5805
Male,741-73-3559,B,Mandalay,Normal,Sports and travel,67.27,5,168.175,16.8175,336.35,319.5325
Male,286-75-7818,B,Mandalay,Normal,Fashion accessories,69.08,2,6.908,6.908,138.16,131.252
Male,574-57-9721,C,Naypyitaw,Normal,Food and beverages,43.27,2,4.327,4.327,86.54,82.213
Male,616-87-0016,B,Mandalay,Normal,Fashion accessories,95.54,7,33.439,33.439,668.78,635.341
Male,751-69-0068,C,Naypyitaw,Normal,Sports and travel,99.24,9,44.658,44.658,893.16,848.502
Male,257-73-1380,C,Naypyitaw,Member,Sports and travel,82.93,4,16.586,16.586,331.72,315.134
Male,345-08-4992,A,Yangon,Normal,Home and lifestyle,33.99,6,10.197,10.197,203.94,193.743
Male,549-96-4200,C,Naypyitaw,Member,Food and beverages,17.04,4,3.408,3.408,68.16,64.752
Male,450-28-2866,C,Naypyitaw,Member,Food and beverages,17.44,5,4.36,4.36,87.2,82.84
Male,192-98-7397,C,Naypyitaw,Normal,Fashion accessories,12.78,1,639,0.639,12.78,12.141
Male,235-46-8343,C,Naypyitaw,Member,Food and beverages,27.66,10,13.83,13.83,276.6,262.77
Male,453-12-7053,C,Naypyitaw,Normal,Fashion accessories,45.74,3,6.861,6.861,137.22,130.359
Male,744-09-5786,B,Mandalay,Normal,Electronic accessories,22.01,6,6.603,6.603,132.06,125.457
Male,568-88-3448,A,Yangon,Normal,Health and beauty,25,1,1.25,1.25,25,23.75
Male,187-83-5490,A,Yangon,Member,Electronic accessories,20.77,4,4.154,4.154,83.08,78.926
Male,533-33-5337,B,Mandalay,Normal,Electronic accessories,79.39,10,39.695,39.695,793.9,754.205
Male,729-46-7422,C,Naypyitaw,Normal,Food and beverages,35.89,1,1.7945,1.7945,35.89,34.0955
Male,639-76-1242,C,Naypyitaw,Normal,Food and beverages,40.52,5,10.13,10.13,202.6,192.47
Male,470-32-9057,A,Yangon,Member,Food and beverages,51.34,5,12.835,12.835,256.7,243.865
Male,554-53-3790,B,Mandalay,Normal,Sports and travel,37.02,6,11.106,11.106,222.12,211.014
Male,746-19-0921,C,Naypyitaw,Normal,Food and beverages,21.58,1,1.079,1.079,21.58,20.501
Male,405-31-3305,A,Yangon,Member,Fashion accessories,43.13,10,21.565,21.565,431.3,409.735
Male,731-59-7531,B,Mandalay,Member,Health and beauty,72.57,8,29.028,29.028,580.56,551.532
Male,502-05-1910,A,Yangon,Normal,Health and beauty,65.18,3,9.777,9.777,195.54,185.763
Male,598-47-9715,C,Naypyitaw,Normal,Electronic accessories,84.07,4,16.814,16.814,336.28,319.466
Male,701-69-8742,B,Mandalay,Normal,Sports and travel,34.37,10,17.185,17.185,343.7,326.515
Male,575-67-1508,A,Yangon,Normal,Electronic accessories,38.6,1,1.93,1.93,38.6,36.67
Male,541-08-3113,C,Naypyitaw,Normal,Food and beverages,65.97,8,26.388,26.388,527.76,501.372
Male,674-15-9296,A,Yangon,Normal,Sports and travel,37.14,5,9.285,9.285,185.7,176.415
Male,305-18-3552,B,Mandalay,Member,Home and lifestyle,60.38,10,30.19,30.19,603.8,573.61
Male,795-49-7276,A,Yangon,Normal,Fashion accessories,37.15,4,7.43,7.43,148.6,141.17
Male,556-72-8512,C,Naypyitaw,Normal,Home and lifestyle,22.96,1,1.148,1.148,22.96,21.812
Male,437-53-3084,B,Mandalay,Normal,Fashion accessories,99.89,2,9.989,9.989,199.78,189.791
Male,632-32-4574,B,Mandalay,Normal,Sports and travel,75.92,8,30.368,30.368,607.36,576.992
Male,277-63-2961,B,Mandalay,Member,Sports and travel,73.97,1,3.6985,3.6985,73.97,70.2715
Male,620-02-2046,C,Naypyitaw,Normal,Home and lifestyle,69.4,2,6.94,6.94,138.8,131.86
Male,511-54-3087,B,Mandalay,Normal,Sports and travel,88.45,1,4.4225,4.4225,88.45,84.0275
Male,726-29-6793,A,Yangon,Member,Electronic accessories,24.18,8,9.672,9.672,193.44,183.768
Male,291-21-5991,B,Mandalay,Member,Health and beauty,61.29,5,153.225,15.3225,306.45,291.1275
Male,189-52-0236,A,Yangon,Normal,Electronic accessories,99.55,7,348.425,34.8425,696.85,662.0075
Male,503-07-0930,C,Naypyitaw,Member,Sports and travel,58.39,7,204.365,20.4365,408.73,388.2935
Male,425-85-2085,B,Mandalay,Member,Health and beauty,54.86,5,13.715,13.715,274.3,260.585
Male,521-18-7827,C,Naypyitaw,Member,Home and lifestyle,39.39,5,9.8475,9.8475,196.95,187.1025
Male,220-28-1851,A,Yangon,Normal,Home and lifestyle,34.73,2,3.473,3.473,69.46,65.987
Male,600-38-9738,C,Naypyitaw,Member,Sports and travel,71.92,5,17.98,17.98,359.6,341.62
Male,133-14-7229,C,Naypyitaw,Normal,Health and beauty,62.87,2,6.287,6.287,125.74,119.453
Male,534-01-4457,A,Yangon,Normal,Food and beverages,81.71,6,24.513,24.513,490.26,465.747
Male,286-62-6248,B,Mandalay,Normal,Fashion accessories,39.21,4,7.842,7.842,156.84,148.998
Male,339-38-9982,B,Mandalay,Member,Fashion accessories,59.86,2,5.986,5.986,119.72,113.734
Male,827-77-7633,A,Yangon,Normal,Sports and travel,98.09,9,441.405,44.1405,882.81,838.6695
Male,287-83-1405,A,Yangon,Normal,Health and beauty,25.43,6,7.629,7.629,152.58,144.951
Male,435-13-4908,A,Yangon,Member,Fashion accessories,86.68,8,34.672,34.672,693.44,658.768
Male,857-67-9057,B,Mandalay,Normal,Electronic accessories,22.95,10,11.475,11.475,229.5,218.025
Male,583-41-4548,C,Naypyitaw,Normal,Home and lifestyle,16.67,7,5.8345,5.8345,116.69,110.8555
Male,643-38-7867,A,Yangon,Normal,Home and lifestyle,97.94,1,4.897,4.897,97.94,93.043
Male,460-35-4390,A,Yangon,Normal,Home and lifestyle,30.68,3,4.602,4.602,92.04,87.438
Male,343-87-0864,C,Naypyitaw,Member,Health and beauty,75.88,1,3.794,3.794,75.88,72.086
Male,243-47-2663,C,Naypyitaw,Member,Electronic accessories,18.77,6,5.631,5.631,112.62,106.989
Male,701-23-5550,B,Mandalay,Member,Home and lifestyle,38.81,4,7.762,7.762,155.24,147.478
Male,541-48-8554,A,Yangon,Normal,Sports and travel,60.95,9,274.275,27.4275,548.55,521.1225
Male,747-58-7183,B,Mandalay,Normal,Fashion accessories,57.27,3,8.5905,8.5905,171.81,163.2195
Male,399-69-4630,C,Naypyitaw,Normal,Electronic accessories,22.21,6,6.663,6.663,133.26,126.597
Male,134-75-2619,A,Yangon,Member,Electronic accessories,19.32,7,6.762,6.762,135.24,128.478
Male,356-44-8813,B,Mandalay,Normal,Home and lifestyle,37.48,3,5.622,5.622,112.44,106.818
Male,712-39-0363,A,Yangon,Member,Food and beverages,41.66,6,12.498,12.498,249.96,237.462
Male,174-75-0888,B,Mandalay,Normal,Electronic accessories,21.58,9,9.711,9.711,194.22,184.509
Male,866-99-7614,C,Naypyitaw,Normal,Food and beverages,89.2,10,44.6,44.6,892,847.4
Male,760-90-2357,A,Yangon,Member,Electronic accessories,74.51,6,22.353,22.353,447.06,424.707
Male,514-37-2845,B,Mandalay,Normal,Fashion accessories,99.25,2,9.925,9.925,198.5,188.575
Male,343-61-3544,B,Mandalay,Member,Sports and travel,26.67,10,13.335,13.335,266.7,253.365
Male,239-48-4278,A,Yangon,Member,Food and beverages,10.13,7,3.5455,3.5455,70.91,67.3645
Male,355-34-6244,B,Mandalay,Normal,Food and beverages,72.39,2,7.239,7.239,144.78,137.541
Male,550-84-8664,A,Yangon,Normal,Sports and travel,85.91,5,214.775,21.4775,429.55,408.0725
Male,339-96-8318,B,Mandalay,Member,Fashion accessories,81.31,7,284.585,28.4585,569.17,540.7115
Male,458-61-0011,B,Mandalay,Normal,Food and beverages,60.3,4,12.06,12.06,241.2,229.14
Male,592-34-6155,C,Naypyitaw,Normal,Food and beverages,31.77,4,6.354,6.354,127.08,120.726
Male,207-73-1363,B,Mandalay,Normal,Health and beauty,69.51,2,6.951,6.951,139.02,132.069
Male,390-31-6381,C,Naypyitaw,Normal,Food and beverages,27.22,3,4.083,4.083,81.66,77.577
Male,375-72-3056,B,Mandalay,Normal,Sports and travel,63.06,3,9.459,9.459,189.18,179.721
Male,127-47-6963,A,Yangon,Normal,Health and beauty,51.71,4,10.342,10.342,206.84,196.498
Male,379-17-6588,C,Naypyitaw,Normal,Fashion accessories,59.61,10,29.805,29.805,596.1,566.295
Male,227-50-3718,A,Yangon,Normal,Health and beauty,14.62,5,3.655,3.655,73.1,69.445
Male,302-15-2162,C,Naypyitaw,Member,Health and beauty,46.53,6,13.959,13.959,279.18,265.221
Male,585-11-6748,B,Mandalay,Member,Sports and travel,96.8,3,14.52,14.52,290.4,275.88
Male,470-31-3286,B,Mandalay,Normal,Health and beauty,14.82,3,2.223,2.223,44.46,42.237
Male,152-68-2907,A,Yangon,Normal,Food and beverages,52.2,3,7.83,7.83,156.6,148.77
Male,219-61-4139,C,Naypyitaw,Normal,Electronic accessories,83.08,1,4.154,4.154,83.08,78.926
Male,373-09-4567,C,Naypyitaw,Normal,Food and beverages,77.56,10,38.78,38.78,775.6,736.82
Male,830-58-2383,B,Mandalay,Normal,Home and lifestyle,31.75,4,6.35,6.35,127,120.65
Male,318-12-0304,A,Yangon,Normal,Fashion accessories,30.61,1,1.5305,1.5305,30.61,29.0795
Male,349-97-8902,B,Mandalay,Member,Food and beverages,57.89,2,5.789,5.789,115.78,109.991
Male,789-23-8625,B,Mandalay,Member,Fashion accessories,93.22,3,13.983,13.983,279.66,265.677
Male,284-54-4231,C,Naypyitaw,Member,Sports and travel,80.93,1,4.0465,4.0465,80.93,76.8835
Male,443-59-0061,A,Yangon,Member,Food and beverages,67.45,10,33.725,33.725,674.5,640.775
Male,327-40-9673,B,Mandalay,Member,Sports and travel,72.6,6,21.78,21.78,435.6,413.82
Male,840-19-2096,C,Naypyitaw,Member,Electronic accessories,87.91,5,219.775,21.9775,439.55,417.5725
Male,828-46-6863,A,Yangon,Member,Food and beverages,98.53,6,29.559,29.559,591.18,561.621
Male,598-06-7312,B,Mandalay,Member,Fashion accessories,91.35,1,4.5675,4.5675,91.35,86.7825
Male,816-57-2053,A,Yangon,Normal,Sports and travel,60.87,2,6.087,6.087,121.74,115.653
Male,628-90-8624,B,Mandalay,Member,Health and beauty,82.58,10,41.29,41.29,825.8,784.51
Male,856-66-2701,A,Yangon,Member,Home and lifestyle,53.3,3,7.995,7.995,159.9,151.905
Male,149-61-1929,A,Yangon,Normal,Sports and travel,64.19,10,32.095,32.095,641.9,609.805
Male,655-07-2265,A,Yangon,Normal,Electronic accessories,78.31,3,11.7465,11.7465,234.93,223.1835
Male,589-02-8023,A,Yangon,Member,Food and beverages,83.77,2,8.377,8.377,167.54,159.163
Male,420-04-7590,B,Mandalay,Normal,Home and lifestyle,99.7,3,14.955,14.955,299.1,284.145
Male,182-88-2763,B,Mandalay,Member,Food and beverages,79.91,3,11.9865,11.9865,239.73,227.7435
Male,188-55-0967,B,Mandalay,Member,Health and beauty,66.47,10,33.235,33.235,664.7,631.465
Male,610-46-4100,A,Yangon,Normal,Health and beauty,28.95,7,10.1325,10.1325,202.65,192.5175
Male,665-63-9737,B,Mandalay,Normal,Fashion accessories,52.42,3,7.863,7.863,157.26,149.397
Male,794-32-2436,B,Mandalay,Member,Electronic accessories,55.67,2,5.567,5.567,111.34,105.773
Male,273-84-2164,C,Naypyitaw,Member,Electronic accessories,12.05,5,3.0125,3.0125,60.25,57.2375
Male,706-36-6154,A,Yangon,Member,Home and lifestyle,19.36,9,8.712,8.712,174.24,165.528
Male,778-89-7974,C,Naypyitaw,Normal,Health and beauty,70.21,6,21.063,21.063,421.26,400.197
Male,574-31-8277,B,Mandalay,Member,Fashion accessories,33.63,1,1.6815,1.6815,33.63,31.9485
Male,740-11-5257,C,Naypyitaw,Normal,Electronic accessories,24.74,10,12.37,12.37,247.4,235.03
Male,369-82-2676,B,Mandalay,Normal,Electronic accessories,75.66,5,18.915,18.915,378.3,359.385
Male,742-04-5161,A,Yangon,Member,Home and lifestyle,72.78,10,36.39,36.39,727.8,691.41
Male,149-15-7606,B,Mandalay,Member,Sports and travel,37.32,9,16.794,16.794,335.88,319.086
Male,133-77-3154,B,Mandalay,Member,Fashion accessories,60.18,4,12.036,12.036,240.72,228.684
Male,491-38-3499,A,Yangon,Member,Fashion accessories,55.45,1,2.7725,2.7725,55.45,52.6775
Male,842-29-4695,C,Naypyitaw,Member,Sports and travel,17.14,7,5.999,5.999,119.98,113.981
Male,779-42-2410,B,Mandalay,Member,Food and beverages,57.74,3,8.661,8.661,173.22,164.559
Male,588-47-8641,A,Yangon,Member,Fashion accessories,56.04,10,28.02,28.02,560.4,532.38
Male,642-61-4706,B,Mandalay,Member,Food and beverages,93.4,2,9.34,9.34,186.8,177.46
Male,556-41-6224,C,Naypyitaw,Normal,Health and beauty,33.64,8,13.456,13.456,269.12,255.664
Male,242-11-3142,B,Mandalay,Member,Fashion accessories,83.77,2,8.377,8.377,167.54,159.163
Male,648-94-3045,C,Naypyitaw,Normal,Health and beauty,58.95,10,29.475,29.475,589.5,560.025
Male,130-67-4723,A,Yangon,Member,Food and beverages,48.5,6,14.55,14.55,291,276.45
Male,105-10-6182,A,Yangon,Member,Fashion accessories,21.48,2,2.148,2.148,42.96,40.812
Male,648-83-1321,A,Yangon,Member,Home and lifestyle,63.56,10,31.78,31.78,635.6,603.82
Male,173-57-2300,C,Naypyitaw,Member,Sports and travel,72.88,2,7.288,7.288,145.76,138.472
Male,266-20-6657,C,Naypyitaw,Member,Food and beverages,55.04,7,19.264,19.264,385.28,366.016
Male,689-05-1884,A,Yangon,Member,Health and beauty,48.63,10,24.315,24.315,486.3,461.985
Male,826-58-8051,B,Mandalay,Normal,Home and lifestyle,62.19,4,12.438,12.438,248.76,236.322
Male,868-06-0466,A,Yangon,Member,Electronic accessories,69.58,9,31.311,31.311,626.22,594.909
Male,751-41-9720,C,Naypyitaw,Normal,Home and lifestyle,97.5,10,48.75,48.75,975,926.25
Male,176-64-7711,B,Mandalay,Normal,Food and beverages,32.32,3,4.848,4.848,96.96,92.112
Male,729-06-2010,B,Mandalay,Member,Health and beauty,80.47,9,362.115,36.2115,724.23,688.0185
Male,186-79-9562,B,Mandalay,Normal,Health and beauty,71.77,7,251.195,25.1195,502.39,477.2705
Male,162-65-8559,C,Naypyitaw,Member,Food and beverages,68.98,1,3.449,3.449,68.98,65.531
Male,760-27-5490,C,Naypyitaw,Normal,Fashion accessories,15.62,8,6.248,6.248,124.96,118.712
Male,445-30-9252,A,Yangon,Normal,Sports and travel,25.7,3,3.855,3.855,77.1,73.245
Male,786-94-2700,A,Yangon,Member,Food and beverages,80.62,6,24.186,24.186,483.72,459.534
Male,735-32-9839,C,Naypyitaw,Member,Fashion accessories,98.7,8,39.48,39.48,789.6,750.12
Male,482-17-1179,A,Yangon,Member,Electronic accessories,11.94,3,1.791,1.791,35.82,34.029
Male,788-21-5741,A,Yangon,Normal,Fashion accessories,45.38,3,6.807,6.807,136.14,129.333
Male,776-68-1096,B,Mandalay,Normal,Home and lifestyle,44.12,3,6.618,6.618,132.36,125.742
Male,434-35-9162,B,Mandalay,Member,Food and beverages,23.34,4,4.668,4.668,93.36,88.692
Male,442-44-6497,C,Naypyitaw,Member,Home and lifestyle,55.57,3,8.3355,8.3355,166.71,158.3745
Male,174-64-0215,B,Mandalay,Normal,Sports and travel,69.74,10,34.87,34.87,697.4,662.53
Male,210-74-9613,C,Naypyitaw,Normal,Fashion accessories,97.26,4,19.452,19.452,389.04,369.588
Male,635-28-5728,A,Yangon,Normal,Health and beauty,56,3,8.4,8.4,168,159.6
Male,756-49-0168,A,Yangon,Member,Fashion accessories,19.7,1,985,0.985,19.7,18.715
Male,438-23-1242,B,Mandalay,Normal,Electronic accessories,75.88,7,26.558,26.558,531.16,504.602
Male,238-45-6950,B,Mandalay,Member,Food and beverages,53.72,1,2.686,2.686,53.72,51.034
Male,607-65-2441,C,Naypyitaw,Member,Health and beauty,81.95,10,40.975,40.975,819.5,778.525
Male,137-63-5492,C,Naypyitaw,Normal,Electronic accessories,58.76,10,29.38,29.38,587.6,558.22
Male,197-77-7132,B,Mandalay,Member,Electronic accessories,91.56,8,36.624,36.624,732.48,695.856
Male,805-86-0265,A,Yangon,Normal,Home and lifestyle,93.96,9,42.282,42.282,845.64,803.358
Male,733-29-1227,C,Naypyitaw,Normal,Home and lifestyle,55.61,7,194.635,19.4635,389.27,369.8065
Male,451-73-2711,C,Naypyitaw,Normal,Food and beverages,84.83,1,4.2415,4.2415,84.83,80.5885
Male,546-80-2899,A,Yangon,Member,Home and lifestyle,37.69,2,3.769,3.769,75.38,71.611
Male,457-13-1708,B,Mandalay,Member,Fashion accessories,65.23,10,32.615,32.615,652.3,619.685
Male,314-23-4520,C,Naypyitaw,Member,Health and beauty,81.23,7,284.305,28.4305,568.61,540.1795
Male,775-72-1988,B,Mandalay,Normal,Home and lifestyle,73.28,5,18.32,18.32,366.4,348.08
Male,250-17-5703,A,Yangon,Member,Food and beverages,18.85,10,9.425,9.425,188.5,179.075
Male,525-09-8450,B,Mandalay,Normal,Electronic accessories,72.13,10,36.065,36.065,721.3,685.235
Male,787-87-2010,A,Yangon,Member,Health and beauty,55.5,4,11.1,11.1,222,210.9
Male,388-76-2555,B,Mandalay,Normal,Sports and travel,13.69,6,4.107,4.107,82.14,78.033
Male,200-16-5952,C,Naypyitaw,Member,Food and beverages,65.65,2,6.565,6.565,131.3,124.735
Male,102-77-2261,C,Naypyitaw,Member,Health and beauty,65.31,7,228.585,22.8585,457.17,434.3115
Male,875-31-8302,B,Mandalay,Normal,Sports and travel,93.38,1,4.669,4.669,93.38,88.711
Male,102-06-2002,C,Naypyitaw,Member,Sports and travel,25.25,5,6.3125,6.3125,126.25,119.9375
Male,457-94-0464,B,Mandalay,Member,Electronic accessories,87.87,9,395.415,39.5415,790.83,751.2885
Male,629-42-4133,C,Naypyitaw,Normal,Health and beauty,21.8,8,8.72,8.72,174.4,165.68
Male,404-91-5964,A,Yangon,Normal,Electronic accessories,74.58,7,26.103,26.103,522.06,495.957
Male,886-77-9084,C,Naypyitaw,Normal,Electronic accessories,71.89,8,28.756,28.756,575.12,546.364
Male,704-10-4056,C,Naypyitaw,Member,Health and beauty,60.47,3,9.0705,9.0705,181.41,172.3395
Male,497-37-6538,A,Yangon,Normal,Sports and travel,58.91,7,206.185,20.6185,412.37,391.7515
Male,651-96-5970,A,Yangon,Normal,Fashion accessories,46.41,1,2.3205,2.3205,46.41,44.0895
Male,400-80-4065,C,Naypyitaw,Member,Health and beauty,68.55,4,13.71,13.71,274.2,260.49
Male,263-12-5321,A,Yangon,Member,Electronic accessories,92.6,7,32.41,32.41,648.2,615.79
Male,605-83-1050,B,Mandalay,Normal,Fashion accessories,27.18,2,2.718,2.718,54.36,51.642
Male,359-94-5395,B,Mandalay,Normal,Health and beauty,92.78,1,4.639,4.639,92.78,88.141
Male,401-09-4232,C,Naypyitaw,Member,Home and lifestyle,86.69,5,216.725,21.6725,433.45,411.7775
Male,751-15-6198,B,Mandalay,Normal,Sports and travel,23.01,6,6.903,6.903,138.06,131.157
Male,474-33-8305,C,Naypyitaw,Member,Fashion accessories,67.39,7,235.865,23.5865,471.73,448.1435
Male,565-91-4567,B,Mandalay,Normal,Health and beauty,10.75,8,4.3,4.3,86,81.7
Male,674-56-6360,A,Yangon,Normal,Electronic accessories,95.15,1,4.7575,4.7575,95.15,90.3925
Male,832-51-6761,A,Yangon,Normal,Food and beverages,33.88,8,13.552,13.552,271.04,257.488
Male,869-11-3082,B,Mandalay,Member,Health and beauty,96.16,4,19.232,19.232,384.64,365.408
Male,190-59-3964,B,Mandalay,Member,Food and beverages,47.16,5,11.79,11.79,235.8,224.01
Male,366-43-6862,B,Mandalay,Normal,Electronic accessories,52.89,4,10.578,10.578,211.56,200.982
Male,784-21-9238,C,Naypyitaw,Member,Sports and travel,10.17,1,5.085,0.5085,10.17,9.6615
Male,760-53-9233,A,Yangon,Member,Fashion accessories,41.28,3,6.192,6.192,123.84,117.648
Male,538-22-0304,C,Naypyitaw,Normal,Electronic accessories,64.95,10,32.475,32.475,649.5,617.025
Male,237-44-6163,A,Yangon,Normal,Electronic accessories,10.56,8,4.224,4.224,84.48,80.256
Male,636-17-0325,B,Mandalay,Normal,Health and beauty,62.57,4,12.514,12.514,250.28,237.766
Male,528-14-9470,A,Yangon,Member,Health and beauty,91.3,1,4.565,4.565,91.3,86.735
Male,807-34-3742,A,Yangon,Normal,Fashion accessories,52.38,1,2.619,2.619,52.38,49.761
Male,288-62-1085,A,Yangon,Member,Fashion accessories,38.54,5,9.635,9.635,192.7,183.065
Male,670-71-7306,B,Mandalay,Normal,Sports and travel,44.63,6,13.389,13.389,267.78,254.391
Male,660-29-7083,C,Naypyitaw,Normal,Electronic accessories,55.87,10,27.935,27.935,558.7,530.765
Male,497-36-0989,A,Yangon,Normal,Fashion accessories,51.94,3,7.791,7.791,155.82,148.029
Male,291-59-1384,B,Mandalay,Normal,Electronic accessories,60.3,1,3.015,3.015,60.3,57.285
Male,896-34-0956,A,Yangon,Normal,Fashion accessories,21.32,1,1.066,1.066,21.32,20.254
Male,804-38-3935,A,Yangon,Member,Electronic accessories,93.78,3,14.067,14.067,281.34,267.273
Male,585-90-0249,A,Yangon,Member,Electronic accessories,73.26,1,3.663,3.663,73.26,69.597
Male,843-73-4724,A,Yangon,Normal,Fashion accessories,74.1,1,3.705,3.705,74.1,70.395
Male,658-66-3967,C,Naypyitaw,Normal,Health and beauty,53.19,7,186.165,18.6165,372.33,353.7135
Male,770-42-8960,B,Mandalay,Normal,Food and beverages,21.12,8,8.448,8.448,168.96,160.512
Male,234-36-2483,B,Mandalay,Normal,Health and beauty,57.59,6,17.277,17.277,345.54,328.263
Male,840-76-5966,A,Yangon,Member,Sports and travel,12.76,2,1.276,1.276,25.52,24.244
Male,176-78-1170,C,Naypyitaw,Member,Health and beauty,33.81,3,5.0715,5.0715,101.43,96.3585
Male,361-59-0574,B,Mandalay,Member,Sports and travel,90.53,8,36.212,36.212,724.24,688.028
Male,631-34-1880,C,Naypyitaw,Member,Food and beverages,24.31,3,3.6465,3.6465,72.93,69.2835
Male,852-82-2749,A,Yangon,Normal,Sports and travel,64.59,4,12.918,12.918,258.36,245.442
Male,873-14-6353,A,Yangon,Member,Food and beverages,24.82,7,8.687,8.687,173.74,165.053
Male,584-66-4073,C,Naypyitaw,Normal,Fashion accessories,56.5,1,2.825,2.825,56.5,53.675
Male,166-19-2553,A,Yangon,Member,Sports and travel,89.06,6,26.718,26.718,534.36,507.642
Male,737-88-5876,A,Yangon,Member,Home and lifestyle,23.29,4,4.658,4.658,93.16,88.502
Male,154-87-7367,C,Naypyitaw,Normal,Home and lifestyle,65.26,8,26.104,26.104,522.08,495.976
Male,885-56-0389,C,Naypyitaw,Member,Fashion accessories,52.35,1,2.6175,2.6175,52.35,49.7325
Male,608-05-3804,B,Mandalay,Member,Electronic accessories,39.75,1,1.9875,1.9875,39.75,37.7625
Male,311-13-6971,B,Mandalay,Member,Sports and travel,31.99,10,15.995,15.995,319.9,303.905
Male,460-93-5834,A,Yangon,Normal,Sports and travel,45.58,7,15.953,15.953,319.06,303.107
Male,325-89-4209,A,Yangon,Member,Food and beverages,87.9,1,4.395,4.395,87.9,83.505
Male,880-46-5796,A,Yangon,Member,Sports and travel,76.92,10,38.46,38.46,769.2,730.74
Male,715-20-1673,B,Mandalay,Normal,Electronic accessories,28.38,5,7.095,7.095,141.9,134.805
Male,811-35-1094,B,Mandalay,Member,Electronic accessories,50.45,6,15.135,15.135,302.7,287.565
Male,699-88-1972,B,Mandalay,Normal,Health and beauty,99.16,8,39.664,39.664,793.28,753.616
Male,781-84-8059,C,Naypyitaw,Normal,Fashion accessories,60.74,7,21.259,21.259,425.18,403.921
Male,725-54-0677,C,Naypyitaw,Member,Health and beauty,85.6,7,29.96,29.96,599.2,569.24
Male,146-09-5432,A,Yangon,Member,Food and beverages,35.04,9,15.768,15.768,315.36,299.592
Male,509-10-0516,B,Mandalay,Normal,Home and lifestyle,45.97,4,9.194,9.194,183.88,174.686
Male,865-41-9075,A,Yangon,Normal,Food and beverages,11.53,7,4.0355,4.0355,80.71,76.6745
Male,450-42-3339,C,Naypyitaw,Normal,Health and beauty,84.61,10,42.305,42.305,846.1,803.795
Male,522-57-8364,A,Yangon,Member,Fashion accessories,51.34,8,20.536,20.536,410.72,390.184
Male,722-13-2115,C,Naypyitaw,Member,Sports and travel,42.85,1,2.1425,2.1425,42.85,40.7075
Male,777-67-2495,B,Mandalay,Normal,Home and lifestyle,68.97,3,10.3455,10.3455,206.91,196.5645
Male,321-49-7382,B,Mandalay,Member,Sports and travel,88.31,1,4.4155,4.4155,88.31,83.8945
Male,825-94-5922,B,Mandalay,Normal,Sports and travel,25.31,2,2.531,2.531,50.62,48.089
Male,641-62-7288,B,Mandalay,Normal,Home and lifestyle,99.92,6,29.976,29.976,599.52,569.544
Male,458-10-8612,C,Naypyitaw,Normal,Health and beauty,64.08,7,22.428,22.428,448.56,426.132
Male,235-06-8510,C,Naypyitaw,Member,Home and lifestyle,85.72,3,12.858,12.858,257.16,244.302
Male,720-72-2436,A,Yangon,Normal,Food and beverages,66.52,4,13.304,13.304,266.08,252.776
Male,702-83-5291,C,Naypyitaw,Member,Fashion accessories,99.82,9,44.919,44.919,898.38,853.461
Male,449-16-6770,A,Yangon,Normal,Health and beauty,50.79,5,12.6975,12.6975,253.95,241.2525
Male,333-23-2632,A,Yangon,Member,Health and beauty,10.08,7,3.528,3.528,70.56,67.032
Male,859-97-6048,C,Naypyitaw,Member,Electronic accessories,84.25,2,8.425,8.425,168.5,160.075
Male,676-10-2200,B,Mandalay,Member,Fashion accessories,53.78,1,2.689,2.689,53.78,51.091
Male,373-88-1424,C,Naypyitaw,Member,Home and lifestyle,35.81,5,8.9525,8.9525,179.05,170.0975
Male,503-21-4385,B,Mandalay,Member,Health and beauty,39.91,3,5.9865,5.9865,119.73,113.7435
Male,200-40-6154,B,Mandalay,Member,Home and lifestyle,65.91,6,19.773,19.773,395.46,375.687
Male,577-34-7579,C,Naypyitaw,Member,Food and beverages,50.49,9,227.205,22.7205,454.41,431.6895
Male,430-02-3888,B,Mandalay,Normal,Electronic accessories,46.02,6,13.806,13.806,276.12,262.314
Male,256-58-3609,C,Naypyitaw,Member,Fashion accessories,91.98,1,4.599,4.599,91.98,87.381
Male,324-92-3863,A,Yangon,Member,Electronic accessories,20.89,2,2.089,2.089,41.78,39.691
Male,364-34-2972,C,Naypyitaw,Member,Electronic accessories,96.82,3,14.523,14.523,290.46,275.937
Male,794-42-3736,B,Mandalay,Normal,Food and beverages,33.33,2,3.333,3.333,66.66,63.327
Male,195-06-0432,A,Yangon,Member,Home and lifestyle,81.01,3,12.1515,12.1515,243.03,230.8785
Male,448-34-8700,B,Mandalay,Member,Home and lifestyle,36.91,7,12.9185,12.9185,258.37,245.4515
Male,452-04-8808,B,Mandalay,Normal,Electronic accessories,87.08,7,30.478,30.478,609.56,579.082
Male,531-56-4728,A,Yangon,Normal,Home and lifestyle,80.08,3,12.012,12.012,240.24,228.228
Male,744-82-9138,C,Naypyitaw,Normal,Fashion accessories,86.13,2,8.613,8.613,172.26,163.647
Male,883-69-1285,B,Mandalay,Member,Fashion accessories,49.92,2,4.992,4.992,99.84,94.848
Male,518-71-6847,B,Mandalay,Member,Food and beverages,26.6,6,7.98,7.98,159.6,151.62
Male,728-47-9078,C,Naypyitaw,Member,Food and beverages,59.59,4,11.918,11.918,238.36,226.442
Male,809-46-1866,A,Yangon,Normal,Health and beauty,58.15,4,11.63,11.63,232.6,220.97
Male,148-41-7930,C,Naypyitaw,Normal,Health and beauty,99.96,7,34.986,34.986,699.72,664.734
Male,189-40-5216,C,Naypyitaw,Normal,Electronic accessories,96.37,7,337.295,33.7295,674.59,640.8605
Male,552-44-5977,B,Mandalay,Member,Health and beauty,62,8,24.8,24.8,496,471.2
Male,267-62-7380,C,Naypyitaw,Member,Electronic accessories,82.34,10,41.17,41.17,823.4,782.23
Male,430-53-4718,B,Mandalay,Member,Health and beauty,75.37,8,30.148,30.148,602.96,572.812
Male,745-74-0715,A,Yangon,Normal,Electronic accessories,58.03,2,5.803,5.803,116.06,110.257
Male,690-01-6631,B,Mandalay,Normal,Fashion accessories,17.49,10,8.745,8.745,174.9,166.155
Male,233-67-5758,C,Naypyitaw,Normal,Health and beauty,40.35,1,2.0175,2.0175,40.35,38.3325
Male,727-02-1313,A,Yangon,Member,Food and beverages,31.84,1,1.592,1.592,31.84,30.248
Male,347-56-2442,A,Yangon,Normal,Home and lifestyle,65.82,1,3.291,3.291,65.82,62.529
